<OSCOUR>
<ETABLISSEMENT>
<FINESS>670000397</FINESS>
<ORDRE>0</ORDRE>
<EXTRACT>10/05/2009 00:44:00</EXTRACT>
<DATEDEBUT>09/05/2009</DATEDEBUT>
<DATEFIN></DATEFIN>
</ETABLISSEMENT>
<PASSAGES>
<PATIENT>
<CP>67600</CP>
<COMMUNE>SELESTAT</COMMUNE>
<NAISSANCE>09/04/1980</NAISSANCE>
<SEXE>F</SEXE>
<ENTREE>09/05/2009 00:02</ENTREE>
<MODE_ENTREE>8</MODE_ENTREE>
<PROVENANCE>5</PROVENANCE>
<TRANSPORT>PERSO</TRANSPORT>
<TRANSPORT_PEC>AUCUN</TRANSPORT_PEC>
<MOTIF></MOTIF>
<HMED></HMED>
<GRAVITE>3</GRAVITE>
<DP>N938</DP>
<LISTE_DA>
</LISTE_DA>
<LISTE_ACTES>
</LISTE_ACTES>
<SORTIE>09/05/2009 01:21</SORTIE>
<MODE_SORTIE>6</MODE_SORTIE>
<DESTINATION>1</DESTINATION>
<ORIENT>OBST</ORIENT>
</PATIENT>
</PASSAGES>
<PASSAGES>
<PATIENT>
<CP>67140</CP>
<COMMUNE>GERTWILLER</COMMUNE>
<NAISSANCE>18/06/1939</NAISSANCE>
<SEXE>M</SEXE>
<ENTREE>09/05/2009 00:12</ENTREE>
<MODE_ENTREE>8</MODE_ENTREE>
<PROVENANCE>5</PROVENANCE>
<TRANSPORT>AMBU</TRANSPORT>
<TRANSPORT_PEC>PARAMED</TRANSPORT_PEC>
<MOTIF>CARDIO04</MOTIF>
<HMED></HMED>
<GRAVITE>2</GRAVITE>
<DP>I221</DP>
<LISTE_DA>
</LISTE_DA>
<LISTE_ACTES>
<ACTE>DEQP003</ACTE>
<ACTE>GLLD017</ACTE>
<ACTE>DEQP004</ACTE>
</LISTE_ACTES>
<SORTIE>09/05/2009 03:43</SORTIE>
<MODE_SORTIE>8</MODE_SORTIE>
<DESTINATION></DESTINATION>
<ORIENT></ORIENT>
</PATIENT>
</PASSAGES>
<PASSAGES>
<PATIENT>
<CP>67650</CP>
<COMMUNE>BLIENSCHWILLER</COMMUNE>
<NAISSANCE>06/07/1953</NAISSANCE>
<SEXE>F</SEXE>
<ENTREE>09/05/2009 00:15</ENTREE>
<MODE_ENTREE>8</MODE_ENTREE>
<PROVENANCE>5</PROVENANCE>
<TRANSPORT>VSAB</TRANSPORT>
<TRANSPORT_PEC>MED</TRANSPORT_PEC>
<MOTIF></MOTIF>
<HMED></HMED>
<GRAVITE>3</GRAVITE>
<DP>R53+1</DP>
<LISTE_DA>
<DA>F29</DA>
</LISTE_DA>
<LISTE_ACTES>
<ACTE>DEQP003</ACTE>
</LISTE_ACTES>
<SORTIE>09/05/2009 02:58</SORTIE>
<MODE_SORTIE>6</MODE_SORTIE>
<DESTINATION>1</DESTINATION>
<ORIENT>MED</ORIENT>
</PATIENT>
</PASSAGES>
<PASSAGES>
<PATIENT>
<CP>67680</CP>
<COMMUNE>EPFIG</COMMUNE>
<NAISSANCE>27/05/1971</NAISSANCE>
<SEXE>F</SEXE>
<ENTREE>09/05/2009 01:10</ENTREE>
<MODE_ENTREE>8</MODE_ENTREE>
<PROVENANCE>5</PROVENANCE>
<TRANSPORT>PERSO</TRANSPORT>
<TRANSPORT_PEC>AUCUN</TRANSPORT_PEC>
<MOTIF></MOTIF>
<HMED></HMED>
<GRAVITE>2</GRAVITE>
<DP>M7901</DP>
<LISTE_DA>
</LISTE_DA>
<LISTE_ACTES>
</LISTE_ACTES>
<SORTIE>09/05/2009 02:53</SORTIE>
<MODE_SORTIE>8</MODE_SORTIE>
<DESTINATION></DESTINATION>
<ORIENT></ORIENT>
</PATIENT>
</PASSAGES>
<PASSAGES>
<PATIENT>
<CP>68160</CP>
<COMMUNE>STE MARIE AUX MINES</COMMUNE>
<NAISSANCE>03/03/1985</NAISSANCE>
<SEXE>F</SEXE>
<ENTREE>09/05/2009 01:26</ENTREE>
<MODE_ENTREE>8</MODE_ENTREE>
<PROVENANCE>5</PROVENANCE>
<TRANSPORT>PERSO</TRANSPORT>
<TRANSPORT_PEC>AUCUN</TRANSPORT_PEC>
<MOTIF></MOTIF>
<HMED></HMED>
<GRAVITE>1</GRAVITE>
<DP>M5456</DP>
<LISTE_DA>
</LISTE_DA>
<LISTE_ACTES>
</LISTE_ACTES>
<SORTIE>09/05/2009 03:41</SORTIE>
<MODE_SORTIE>8</MODE_SORTIE>
<DESTINATION></DESTINATION>
<ORIENT></ORIENT>
</PATIENT>
</PASSAGES>
<PASSAGES>
<PATIENT>
<CP>67140</CP>
<COMMUNE>GERTWILLER</COMMUNE>
<NAISSANCE>17/08/1936</NAISSANCE>
<SEXE>F</SEXE>
<ENTREE>09/05/2009 02:17</ENTREE>
<MODE_ENTREE>8</MODE_ENTREE>
<PROVENANCE>5</PROVENANCE>
<TRANSPORT>AMBU</TRANSPORT>
<TRANSPORT_PEC>PARAMED</TRANSPORT_PEC>
<MOTIF>CARDIO04</MOTIF>
<HMED></HMED>
<GRAVITE>3</GRAVITE>
<DP>R073</DP>
<LISTE_DA>
<DA>I208</DA>
</LISTE_DA>
<LISTE_ACTES>
<ACTE>DEQP003</ACTE>
<ACTE>ZBQK002</ACTE>
<ACTE>YYYY030</ACTE>
</LISTE_ACTES>
<SORTIE>09/05/2009 04:01</SORTIE>
<MODE_SORTIE>6</MODE_SORTIE>
<DESTINATION>1</DESTINATION>
<ORIENT>MED</ORIENT>
</PATIENT>
</PASSAGES>
<PASSAGES>
<PATIENT>
<CP>68160</CP>
<COMMUNE>STE MARIE AUX MINES</COMMUNE>
<NAISSANCE>22/09/1971</NAISSANCE>
<SEXE>F</SEXE>
<ENTREE>09/05/2009 02:23</ENTREE>
<MODE_ENTREE>8</MODE_ENTREE>
<PROVENANCE>5</PROVENANCE>
<TRANSPORT>AMBU</TRANSPORT>
<TRANSPORT_PEC>PARAMED</TRANSPORT_PEC>
<MOTIF>PSY06</MOTIF>
<HMED></HMED>
<GRAVITE>3</GRAVITE>
<DP>R402</DP>
<LISTE_DA>
</LISTE_DA>
<LISTE_ACTES>
<ACTE>DEQP003</ACTE>
<ACTE>DEQP003</ACTE>
</LISTE_ACTES>
<SORTIE>09/05/2009 03:40</SORTIE>
<MODE_SORTIE>6</MODE_SORTIE>
<DESTINATION>1</DESTINATION>
<ORIENT>MED</ORIENT>
</PATIENT>
</PASSAGES>
<PASSAGES>
<PATIENT>
<CP>67390</CP>
<COMMUNE>MACKENHEIM</COMMUNE>
<NAISSANCE>18/01/1969</NAISSANCE>
<SEXE>F</SEXE>
<ENTREE>09/05/2009 05:42</ENTREE>
<MODE_ENTREE>8</MODE_ENTREE>
<PROVENANCE>5</PROVENANCE>
<TRANSPORT>PERSO</TRANSPORT>
<TRANSPORT_PEC>AUCUN</TRANSPORT_PEC>
<MOTIF>DOULEUR01</MOTIF>
<HMED></HMED>
<GRAVITE>2</GRAVITE>
<DP>N23</DP>
<LISTE_DA>
</LISTE_DA>
<LISTE_ACTES>
<ACTE>ZCQK002</ACTE>
<ACTE>YYYY030</ACTE>
<ACTE>ZCQK004</ACTE>
<ACTE>ZZQP004</ACTE>
</LISTE_ACTES>
<SORTIE>09/05/2009 12:33</SORTIE>
<MODE_SORTIE>8</MODE_SORTIE>
<DESTINATION></DESTINATION>
<ORIENT></ORIENT>
</PATIENT>
</PASSAGES>
<PASSAGES>
<PATIENT>
<CP>67220</CP>
<COMMUNE>MAISONSGOUTTE</COMMUNE>
<NAISSANCE>10/12/1992</NAISSANCE>
<SEXE>F</SEXE>
<ENTREE>09/05/2009 06:25</ENTREE>
<MODE_ENTREE>8</MODE_ENTREE>
<PROVENANCE>5</PROVENANCE>
<TRANSPORT>PERSO</TRANSPORT>
<TRANSPORT_PEC>AUCUN</TRANSPORT_PEC>
<MOTIF>GASTRO04</MOTIF>
<HMED></HMED>
<GRAVITE>2</GRAVITE>
<DP>A09</DP>
<LISTE_DA>
</LISTE_DA>
<LISTE_ACTES>
</LISTE_ACTES>
<SORTIE>09/05/2009 09:36</SORTIE>
<MODE_SORTIE>8</MODE_SORTIE>
<DESTINATION></DESTINATION>
<ORIENT></ORIENT>
</PATIENT>
</PASSAGES>
<PASSAGES>
<PATIENT>
<CP>67140</CP>
<COMMUNE>BARR</COMMUNE>
<NAISSANCE>16/10/1928</NAISSANCE>
<SEXE>F</SEXE>
<ENTREE>09/05/2009 08:44</ENTREE>
<MODE_ENTREE>8</MODE_ENTREE>
<PROVENANCE>5</PROVENANCE>
<TRANSPORT>PERSO</TRANSPORT>
<TRANSPORT_PEC>AUCUN</TRANSPORT_PEC>
<MOTIF>TRAUMATO17</MOTIF>
<HMED></HMED>
<GRAVITE>2</GRAVITE>
<DP>S6281</DP>
<LISTE_DA>
</LISTE_DA>
<LISTE_ACTES>
<ACTE>ZBQK002</ACTE>
<ACTE>MGQK003</ACTE>
<ACTE>NAQK015</ACTE>
<ACTE>NEQK010</ACTE>
<ACTE>YYYY030</ACTE>
<ACTE>MGQK003</ACTE>
<ACTE>MADP001</ACTE>
<ACTE>MZMP011</ACTE>
</LISTE_ACTES>
<SORTIE>09/05/2009 12:07</SORTIE>
<MODE_SORTIE>8</MODE_SORTIE>
<DESTINATION></DESTINATION>
<ORIENT></ORIENT>
</PATIENT>
</PASSAGES>
<PASSAGES>
<PATIENT>
<CP>67600</CP>
<COMMUNE>SELESTAT</COMMUNE>
<NAISSANCE>29/12/1942</NAISSANCE>
<SEXE>F</SEXE>
<ENTREE>09/05/2009 08:49</ENTREE>
<MODE_ENTREE>8</MODE_ENTREE>
<PROVENANCE>5</PROVENANCE>
<TRANSPORT>PERSO</TRANSPORT>
<TRANSPORT_PEC>AUCUN</TRANSPORT_PEC>
<MOTIF>RESPI05</MOTIF>
<HMED></HMED>
<GRAVITE>2</GRAVITE>
<DP>J118</DP>
<LISTE_DA>
</LISTE_DA>
<LISTE_ACTES>
<ACTE>DEQP003</ACTE>
<ACTE>ZBQK002</ACTE>
<ACTE>YYYY030</ACTE>
</LISTE_ACTES>
<SORTIE>09/05/2009 12:19</SORTIE>
<MODE_SORTIE>8</MODE_SORTIE>
<DESTINATION></DESTINATION>
<ORIENT></ORIENT>
</PATIENT>
</PASSAGES>
<PASSAGES>
<PATIENT>
<CP>67230</CP>
<COMMUNE>BENFELD</COMMUNE>
<NAISSANCE>12/03/1965</NAISSANCE>
<SEXE>M</SEXE>
<ENTREE>09/05/2009 09:05</ENTREE>
<MODE_ENTREE>8</MODE_ENTREE>
<PROVENANCE>5</PROVENANCE>
<TRANSPORT>PERSO</TRANSPORT>
<TRANSPORT_PEC>AUCUN</TRANSPORT_PEC>
<MOTIF>TRAUMATO17</MOTIF>
<HMED></HMED>
<GRAVITE>2</GRAVITE>
<DP>S903</DP>
<LISTE_DA>
</LISTE_DA>
<LISTE_ACTES>
<ACTE>NGQK001</ACTE>
<ACTE>NDQK001</ACTE>
<ACTE>YYYY030</ACTE>
</LISTE_ACTES>
<SORTIE>09/05/2009 10:51</SORTIE>
<MODE_SORTIE>8</MODE_SORTIE>
<DESTINATION></DESTINATION>
<ORIENT></ORIENT>
</PATIENT>
</PASSAGES>
<PASSAGES>
<PATIENT>
<CP>67230</CP>
<COMMUNE>BENFELD</COMMUNE>
<NAISSANCE>05/09/1922</NAISSANCE>
<SEXE>M</SEXE>
<ENTREE>09/05/2009 09:32</ENTREE>
<MODE_ENTREE>8</MODE_ENTREE>
<PROVENANCE>5</PROVENANCE>
<TRANSPORT>AMBU</TRANSPORT>
<TRANSPORT_PEC>PARAMED</TRANSPORT_PEC>
<MOTIF>GASTRO04</MOTIF>
<HMED></HMED>
<GRAVITE>3</GRAVITE>
<DP>K566</DP>
<LISTE_DA>
<DA>Z950</DA>
</LISTE_DA>
<LISTE_ACTES>
<ACTE>ZBQK002</ACTE>
<ACTE>ZCQK002</ACTE>
<ACTE>YYYY030</ACTE>
<ACTE>ZCQK004</ACTE>
<ACTE>ZZQP004</ACTE>
<ACTE>DEQP003</ACTE>
</LISTE_ACTES>
<SORTIE>09/05/2009 15:23</SORTIE>
<MODE_SORTIE>6</MODE_SORTIE>
<DESTINATION>1</DESTINATION>
<ORIENT>CHIR</ORIENT>
</PATIENT>
</PASSAGES>
<PASSAGES>
<PATIENT>
<CP>67750</CP>
<COMMUNE>SCHERWILLER</COMMUNE>
<NAISSANCE>26/05/1990</NAISSANCE>
<SEXE>F</SEXE>
<ENTREE>09/05/2009 09:37</ENTREE>
<MODE_ENTREE>8</MODE_ENTREE>
<PROVENANCE>5</PROVENANCE>
<TRANSPORT>PERSO</TRANSPORT>
<TRANSPORT_PEC>AUCUN</TRANSPORT_PEC>
<MOTIF>GYNECO05</MOTIF>
<HMED></HMED>
<GRAVITE>2</GRAVITE>
<DP>A600</DP>
<LISTE_DA>
</LISTE_DA>
<LISTE_ACTES>
</LISTE_ACTES>
<SORTIE>09/05/2009 12:38</SORTIE>
<MODE_SORTIE>8</MODE_SORTIE>
<DESTINATION></DESTINATION>
<ORIENT></ORIENT>
</PATIENT>
</PASSAGES>
<PASSAGES>
<PATIENT>
<CP>67750</CP>
<COMMUNE>SCHERWILLER</COMMUNE>
<NAISSANCE>20/04/1992</NAISSANCE>
<SEXE>F</SEXE>
<ENTREE>09/05/2009 09:51</ENTREE>
<MODE_ENTREE>8</MODE_ENTREE>
<PROVENANCE>5</PROVENANCE>
<TRANSPORT>PERSO</TRANSPORT>
<TRANSPORT_PEC>AUCUN</TRANSPORT_PEC>
<MOTIF>TRAUMATO17</MOTIF>
<HMED></HMED>
<GRAVITE>2</GRAVITE>
<DP>S600</DP>
<LISTE_DA>
</LISTE_DA>
<LISTE_ACTES>
<ACTE>MDQK001</ACTE>
<ACTE>YYYY030</ACTE>
</LISTE_ACTES>
<SORTIE>09/05/2009 11:04</SORTIE>
<MODE_SORTIE>8</MODE_SORTIE>
<DESTINATION></DESTINATION>
<ORIENT></ORIENT>
</PATIENT>
</PASSAGES>
<PASSAGES>
<PATIENT>
<CP>68160</CP>
<COMMUNE>STE CROIX AUX MINES</COMMUNE>
<NAISSANCE>26/10/1929</NAISSANCE>
<SEXE>M</SEXE>
<ENTREE>09/05/2009 09:55</ENTREE>
<MODE_ENTREE>7</MODE_ENTREE>
<PROVENANCE>1</PROVENANCE>
<TRANSPORT>AMBU</TRANSPORT>
<TRANSPORT_PEC>PARAMED</TRANSPORT_PEC>
<MOTIF>RESPI02</MOTIF>
<HMED></HMED>
<GRAVITE>3</GRAVITE>
<DP>J208</DP>
<LISTE_DA>
<DA>I251</DA>
<DA>I150</DA>
<DA>I080</DA>
<DA>I119</DA>
</LISTE_DA>
<LISTE_ACTES>
<ACTE>DEQP003</ACTE>
<ACTE>GLHF001</ACTE>
<ACTE>ZBQK002</ACTE>
<ACTE>YYYY030</ACTE>
<ACTE>GELD005</ACTE>
</LISTE_ACTES>
<SORTIE>09/05/2009 15:15</SORTIE>
<MODE_SORTIE>6</MODE_SORTIE>
<DESTINATION>1</DESTINATION>
<ORIENT>MED</ORIENT>
</PATIENT>
</PASSAGES>
<PASSAGES>
<PATIENT>
<CP>67730</CP>
<COMMUNE>CHATENOIS</COMMUNE>
<NAISSANCE>27/07/2006</NAISSANCE>
<SEXE>F</SEXE>
<ENTREE>09/05/2009 10:04</ENTREE>
<MODE_ENTREE>8</MODE_ENTREE>
<PROVENANCE>5</PROVENANCE>
<TRANSPORT>PERSO</TRANSPORT>
<TRANSPORT_PEC>AUCUN</TRANSPORT_PEC>
<MOTIF>TRAUMATO17</MOTIF>
<HMED></HMED>
<GRAVITE>2</GRAVITE>
<DP>S901</DP>
<LISTE_DA>
</LISTE_DA>
<LISTE_ACTES>
<ACTE>NDQK001</ACTE>
<ACTE>YYYY030</ACTE>
</LISTE_ACTES>
<SORTIE>09/05/2009 12:47</SORTIE>
<MODE_SORTIE>8</MODE_SORTIE>
<DESTINATION></DESTINATION>
<ORIENT></ORIENT>
</PATIENT>
</PASSAGES>
<PASSAGES>
<PATIENT>
<CP>94000</CP>
<COMMUNE>CRETEIL</COMMUNE>
<NAISSANCE>21/06/1981</NAISSANCE>
<SEXE>F</SEXE>
<ENTREE>09/05/2009 10:07</ENTREE>
<MODE_ENTREE>8</MODE_ENTREE>
<PROVENANCE>5</PROVENANCE>
<TRANSPORT>PERSO</TRANSPORT>
<TRANSPORT_PEC>AUCUN</TRANSPORT_PEC>
<MOTIF>GYNECO03</MOTIF>
<HMED></HMED>
<GRAVITE>2</GRAVITE>
<DP>O000</DP>
<LISTE_DA>
<DA>S200</DA>
<DA>Z041</DA>
</LISTE_DA>
<LISTE_ACTES>
</LISTE_ACTES>
<SORTIE>09/05/2009 11:46</SORTIE>
<MODE_SORTIE>8</MODE_SORTIE>
<DESTINATION></DESTINATION>
<ORIENT></ORIENT>
</PATIENT>
</PASSAGES>
<PASSAGES>
<PATIENT>
<CP>67680</CP>
<COMMUNE>EPFIG</COMMUNE>
<NAISSANCE>16/09/1945</NAISSANCE>
<SEXE>F</SEXE>
<ENTREE>09/05/2009 10:11</ENTREE>
<MODE_ENTREE>8</MODE_ENTREE>
<PROVENANCE>5</PROVENANCE>
<TRANSPORT>AMBU</TRANSPORT>
<TRANSPORT_PEC>PARAMED</TRANSPORT_PEC>
<MOTIF>TRAUMATO17</MOTIF>
<HMED></HMED>
<GRAVITE>2</GRAVITE>
<DP>M2506</DP>
<LISTE_DA>
<DA>S800</DA>
</LISTE_DA>
<LISTE_ACTES>
<ACTE>NFQK001</ACTE>
<ACTE>YYYY030</ACTE>
</LISTE_ACTES>
<SORTIE>09/05/2009 17:57</SORTIE>
<MODE_SORTIE>8</MODE_SORTIE>
<DESTINATION></DESTINATION>
<ORIENT></ORIENT>
</PATIENT>
</PASSAGES>
<PASSAGES>
<PATIENT>
<CP>67390</CP>
<COMMUNE>MARCKOLSHEIM</COMMUNE>
<NAISSANCE>09/04/1954</NAISSANCE>
<SEXE>M</SEXE>
<ENTREE>09/05/2009 10:14</ENTREE>
<MODE_ENTREE>8</MODE_ENTREE>
<PROVENANCE>5</PROVENANCE>
<TRANSPORT>PERSO</TRANSPORT>
<TRANSPORT_PEC>AUCUN</TRANSPORT_PEC>
<MOTIF>DIVERS21</MOTIF>
<HMED></HMED>
<GRAVITE>2</GRAVITE>
<DP>S8260</DP>
<LISTE_DA>
</LISTE_DA>
<LISTE_ACTES>
</LISTE_ACTES>
<SORTIE>09/05/2009 18:07</SORTIE>
<MODE_SORTIE>8</MODE_SORTIE>
<DESTINATION></DESTINATION>
<ORIENT></ORIENT>
</PATIENT>
</PASSAGES>
<PASSAGES>
<PATIENT>
<CP>67600</CP>
<COMMUNE>EBERSMUNSTER</COMMUNE>
<NAISSANCE>25/12/1928</NAISSANCE>
<SEXE>M</SEXE>
<ENTREE>09/05/2009 10:16</ENTREE>
<MODE_ENTREE>8</MODE_ENTREE>
<PROVENANCE>5</PROVENANCE>
<TRANSPORT>PERSO</TRANSPORT>
<TRANSPORT_PEC>AUCUN</TRANSPORT_PEC>
<MOTIF>GASTRO04</MOTIF>
<HMED></HMED>
<GRAVITE>2</GRAVITE>
<DP>K590</DP>
<LISTE_DA>
<DA>K297</DA>
<DA>I48</DA>
</LISTE_DA>
<LISTE_ACTES>
<ACTE>DEQP003</ACTE>
<ACTE>ZBQK002</ACTE>
<ACTE>ZCQK002</ACTE>
<ACTE>YYYY030</ACTE>
<ACTE>DEQP003</ACTE>
</LISTE_ACTES>
<SORTIE>09/05/2009 16:09</SORTIE>
<MODE_SORTIE>8</MODE_SORTIE>
<DESTINATION></DESTINATION>
<ORIENT></ORIENT>
</PATIENT>
</PASSAGES>
<PASSAGES>
<PATIENT>
<CP>67390</CP>
<COMMUNE>BOOTZHEIM</COMMUNE>
<NAISSANCE>18/10/2000</NAISSANCE>
<SEXE>F</SEXE>
<ENTREE>09/05/2009 10:18</ENTREE>
<MODE_ENTREE>8</MODE_ENTREE>
<PROVENANCE>5</PROVENANCE>
<TRANSPORT>PERSO</TRANSPORT>
<TRANSPORT_PEC>AUCUN</TRANSPORT_PEC>
<MOTIF>TRAUMATO17</MOTIF>
<HMED></HMED>
<GRAVITE>2</GRAVITE>
<DP>S636</DP>
<LISTE_DA>
</LISTE_DA>
<LISTE_ACTES>
<ACTE>MDQK001</ACTE>
<ACTE>YYYY030</ACTE>
<ACTE>MZMP006</ACTE>
</LISTE_ACTES>
<SORTIE>09/05/2009 12:56</SORTIE>
<MODE_SORTIE>8</MODE_SORTIE>
<DESTINATION></DESTINATION>
<ORIENT></ORIENT>
</PATIENT>
</PASSAGES>
<PASSAGES>
<PATIENT>
<CP>68750</CP>
<COMMUNE>BERGHEIM</COMMUNE>
<NAISSANCE>01/12/1923</NAISSANCE>
<SEXE>F</SEXE>
<ENTREE>09/05/2009 10:44</ENTREE>
<MODE_ENTREE>8</MODE_ENTREE>
<PROVENANCE>5</PROVENANCE>
<TRANSPORT>AMBU</TRANSPORT>
<TRANSPORT_PEC>PARAMED</TRANSPORT_PEC>
<MOTIF>TRAUMATO17</MOTIF>
<HMED></HMED>
<GRAVITE>2</GRAVITE>
<DP>M1995</DP>
<LISTE_DA>
</LISTE_DA>
<LISTE_ACTES>
<ACTE>NAQK015</ACTE>
<ACTE>NEQK010</ACTE>
<ACTE>YYYY030</ACTE>
</LISTE_ACTES>
<SORTIE>09/05/2009 13:23</SORTIE>
<MODE_SORTIE>8</MODE_SORTIE>
<DESTINATION></DESTINATION>
<ORIENT></ORIENT>
</PATIENT>
</PASSAGES>
<PASSAGES>
<PATIENT>
<CP>67600</CP>
<COMMUNE>EBERSHEIM</COMMUNE>
<NAISSANCE>16/01/1920</NAISSANCE>
<SEXE>F</SEXE>
<ENTREE>09/05/2009 11:09</ENTREE>
<MODE_ENTREE>8</MODE_ENTREE>
<PROVENANCE>5</PROVENANCE>
<TRANSPORT>AMBU</TRANSPORT>
<TRANSPORT_PEC>PARAMED</TRANSPORT_PEC>
<MOTIF>DIVERS10</MOTIF>
<HMED></HMED>
<GRAVITE>2</GRAVITE>
<DP>M62890</DP>
<LISTE_DA>
</LISTE_DA>
<LISTE_ACTES>
<ACTE>MAQK003</ACTE>
<ACTE>ZBQK002</ACTE>
<ACTE>NAQK015</ACTE>
<ACTE>YYYY030</ACTE>
<ACTE>DEQP003</ACTE>
<ACTE>LEQK002</ACTE>
<ACTE>ACQK001</ACTE>
<ACTE>ZZQP004</ACTE>
</LISTE_ACTES>
<SORTIE>09/05/2009 19:36</SORTIE>
<MODE_SORTIE>6</MODE_SORTIE>
<DESTINATION>1</DESTINATION>
<ORIENT>MED</ORIENT>
</PATIENT>
</PASSAGES>
<PASSAGES>
<PATIENT>
<CP>68160</CP>
<COMMUNE>STE CROIX AUX MINES</COMMUNE>
<NAISSANCE>13/12/1993</NAISSANCE>
<SEXE>M</SEXE>
<ENTREE>09/05/2009 11:14</ENTREE>
<MODE_ENTREE>8</MODE_ENTREE>
<PROVENANCE>5</PROVENANCE>
<TRANSPORT>PERSO</TRANSPORT>
<TRANSPORT_PEC>AUCUN</TRANSPORT_PEC>
<MOTIF>TRAUMATO17</MOTIF>
<HMED></HMED>
<GRAVITE>2</GRAVITE>
<DP>S424</DP>
<LISTE_DA>
<DA>S525</DA>
</LISTE_DA>
<LISTE_ACTES>
<ACTE>MGQK003</ACTE>
<ACTE>YYYY030</ACTE>
<ACTE>MZMP011</ACTE>
</LISTE_ACTES>
<SORTIE>09/05/2009 14:12</SORTIE>
<MODE_SORTIE>8</MODE_SORTIE>
<DESTINATION></DESTINATION>
<ORIENT></ORIENT>
</PATIENT>
</PASSAGES>
<PASSAGES>
<PATIENT>
<CP>67600</CP>
<COMMUNE>SELESTAT</COMMUNE>
<NAISSANCE>07/12/1996</NAISSANCE>
<SEXE>M</SEXE>
<ENTREE>09/05/2009 11:18</ENTREE>
<MODE_ENTREE>8</MODE_ENTREE>
<PROVENANCE>5</PROVENANCE>
<TRANSPORT>PERSO</TRANSPORT>
<TRANSPORT_PEC>AUCUN</TRANSPORT_PEC>
<MOTIF>GASTRO04</MOTIF>
<HMED></HMED>
<GRAVITE>3</GRAVITE>
<DP>K359</DP>
<LISTE_DA>
</LISTE_DA>
<LISTE_ACTES>
</LISTE_ACTES>
<SORTIE>09/05/2009 14:29</SORTIE>
<MODE_SORTIE>6</MODE_SORTIE>
<DESTINATION>1</DESTINATION>
<ORIENT>MED</ORIENT>
</PATIENT>
</PASSAGES>
<PASSAGES>
<PATIENT>
<CP>67600</CP>
<COMMUNE>SELESTAT</COMMUNE>
<NAISSANCE>01/09/1975</NAISSANCE>
<SEXE>M</SEXE>
<ENTREE>09/05/2009 11:22</ENTREE>
<MODE_ENTREE>8</MODE_ENTREE>
<PROVENANCE>5</PROVENANCE>
<TRANSPORT>PERSO</TRANSPORT>
<TRANSPORT_PEC>AUCUN</TRANSPORT_PEC>
<MOTIF>DOULEUR01</MOTIF>
<HMED></HMED>
<GRAVITE>1</GRAVITE>
<DP>K050</DP>
<LISTE_DA>
</LISTE_DA>
<LISTE_ACTES>
</LISTE_ACTES>
<SORTIE>09/05/2009 14:39</SORTIE>
<MODE_SORTIE>8</MODE_SORTIE>
<DESTINATION></DESTINATION>
<ORIENT></ORIENT>
</PATIENT>
</PASSAGES>
<PASSAGES>
<PATIENT>
<CP>68150</CP>
<COMMUNE>RIBEAUVILLE</COMMUNE>
<NAISSANCE>29/12/1998</NAISSANCE>
<SEXE>M</SEXE>
<ENTREE>09/05/2009 11:26</ENTREE>
<MODE_ENTREE>8</MODE_ENTREE>
<PROVENANCE>5</PROVENANCE>
<TRANSPORT>PERSO</TRANSPORT>
<TRANSPORT_PEC>AUCUN</TRANSPORT_PEC>
<MOTIF>TRAUMATO17</MOTIF>
<HMED></HMED>
<GRAVITE>2</GRAVITE>
<DP>S635</DP>
<LISTE_DA>
</LISTE_DA>
<LISTE_ACTES>
<ACTE>MGQK003</ACTE>
<ACTE>YYYY030</ACTE>
</LISTE_ACTES>
<SORTIE>09/05/2009 13:14</SORTIE>
<MODE_SORTIE>8</MODE_SORTIE>
<DESTINATION></DESTINATION>
<ORIENT></ORIENT>
</PATIENT>
</PASSAGES>
<PASSAGES>
<PATIENT>
<CP>67210</CP>
<COMMUNE>VALFF</COMMUNE>
<NAISSANCE>19/01/2004</NAISSANCE>
<SEXE>M</SEXE>
<ENTREE>09/05/2009 11:34</ENTREE>
<MODE_ENTREE>8</MODE_ENTREE>
<PROVENANCE>5</PROVENANCE>
<TRANSPORT>PERSO</TRANSPORT>
<TRANSPORT_PEC>AUCUN</TRANSPORT_PEC>
<MOTIF>TRAUMATO17</MOTIF>
<HMED></HMED>
<GRAVITE>2</GRAVITE>
<DP>M6595</DP>
<LISTE_DA>
</LISTE_DA>
<LISTE_ACTES>
<ACTE>NAQK015</ACTE>
<ACTE>NEQK010</ACTE>
<ACTE>YYYY030</ACTE>
</LISTE_ACTES>
<SORTIE>09/05/2009 19:32</SORTIE>
<MODE_SORTIE>8</MODE_SORTIE>
<DESTINATION></DESTINATION>
<ORIENT></ORIENT>
</PATIENT>
</PASSAGES>
<PASSAGES>
<PATIENT>
<CP>67390</CP>
<COMMUNE>SCHOENAU</COMMUNE>
<NAISSANCE>28/11/1930</NAISSANCE>
<SEXE>F</SEXE>
<ENTREE>09/05/2009 11:37</ENTREE>
<MODE_ENTREE>8</MODE_ENTREE>
<PROVENANCE>5</PROVENANCE>
<TRANSPORT>AMBU</TRANSPORT>
<TRANSPORT_PEC>PARAMED</TRANSPORT_PEC>
<MOTIF>CARDIO06</MOTIF>
<HMED></HMED>
<GRAVITE>2</GRAVITE>
<DP>M1394</DP>
<LISTE_DA>
<DA>M1981</DA>
</LISTE_DA>
<LISTE_ACTES>
<ACTE>MAQK003</ACTE>
<ACTE>MDQK001</ACTE>
<ACTE>YYYY030</ACTE>
</LISTE_ACTES>
<SORTIE>09/05/2009 14:44</SORTIE>
<MODE_SORTIE>8</MODE_SORTIE>
<DESTINATION></DESTINATION>
<ORIENT></ORIENT>
</PATIENT>
</PASSAGES>
<PASSAGES>
<PATIENT>
<CP>67230</CP>
<COMMUNE>BENFELD</COMMUNE>
<NAISSANCE>11/05/1995</NAISSANCE>
<SEXE>M</SEXE>
<ENTREE>09/05/2009 11:48</ENTREE>
<MODE_ENTREE>8</MODE_ENTREE>
<PROVENANCE>5</PROVENANCE>
<TRANSPORT>PERSO</TRANSPORT>
<TRANSPORT_PEC>AUCUN</TRANSPORT_PEC>
<MOTIF>TRAUMATO10</MOTIF>
<HMED></HMED>
<GRAVITE>2</GRAVITE>
<DP>L024</DP>
<LISTE_DA>
</LISTE_DA>
<LISTE_ACTES>
</LISTE_ACTES>
<SORTIE>09/05/2009 13:06</SORTIE>
<MODE_SORTIE>8</MODE_SORTIE>
<DESTINATION></DESTINATION>
<ORIENT></ORIENT>
</PATIENT>
</PASSAGES>
<PASSAGES>
<PATIENT>
<CP>68160</CP>
<COMMUNE>STE MARIE AUX MINES</COMMUNE>
<NAISSANCE>17/08/1914</NAISSANCE>
<SEXE>F</SEXE>
<ENTREE>09/05/2009 11:52</ENTREE>
<MODE_ENTREE>8</MODE_ENTREE>
<PROVENANCE>5</PROVENANCE>
<TRANSPORT>VSAB</TRANSPORT>
<TRANSPORT_PEC>MED</TRANSPORT_PEC>
<MOTIF>NEURO10</MOTIF>
<HMED></HMED>
<GRAVITE>3</GRAVITE>
<DP>I612</DP>
<LISTE_DA>
</LISTE_DA>
<LISTE_ACTES>
<ACTE>DEQP003</ACTE>
<ACTE>ACQK001</ACTE>
<ACTE>ZZQP004</ACTE>
</LISTE_ACTES>
<SORTIE>09/05/2009 18:11</SORTIE>
<MODE_SORTIE>6</MODE_SORTIE>
<DESTINATION>1</DESTINATION>
<ORIENT>MED</ORIENT>
</PATIENT>
</PASSAGES>
<PASSAGES>
<PATIENT>
<CP>67140</CP>
<COMMUNE>ANDLAU</COMMUNE>
<NAISSANCE>11/09/1970</NAISSANCE>
<SEXE>M</SEXE>
<ENTREE>09/05/2009 12:07</ENTREE>
<MODE_ENTREE>8</MODE_ENTREE>
<PROVENANCE>5</PROVENANCE>
<TRANSPORT>PERSO</TRANSPORT>
<TRANSPORT_PEC>AUCUN</TRANSPORT_PEC>
<MOTIF>NEURO10</MOTIF>
<HMED></HMED>
<GRAVITE>3</GRAVITE>
<DP>C711</DP>
<LISTE_DA>
<DA>G409</DA>
</LISTE_DA>
<LISTE_ACTES>
<ACTE>DEQP003</ACTE>
<ACTE>ACQH003</ACTE>
<ACTE>YYYY467</ACTE>
<ACTE>ZZQP004</ACTE>
</LISTE_ACTES>
<SORTIE>09/05/2009 16:38</SORTIE>
<MODE_SORTIE>8</MODE_SORTIE>
<DESTINATION></DESTINATION>
<ORIENT></ORIENT>
</PATIENT>
</PASSAGES>
<PASSAGES>
<PATIENT>
<CP>67230</CP>
<COMMUNE>ROSSFELD</COMMUNE>
<NAISSANCE>03/07/1995</NAISSANCE>
<SEXE>M</SEXE>
<ENTREE>09/05/2009 12:32</ENTREE>
<MODE_ENTREE>8</MODE_ENTREE>
<PROVENANCE>5</PROVENANCE>
<TRANSPORT>PERSO</TRANSPORT>
<TRANSPORT_PEC>AUCUN</TRANSPORT_PEC>
<MOTIF>TRAUMATO17</MOTIF>
<HMED></HMED>
<GRAVITE>2</GRAVITE>
<DP>S6230</DP>
<LISTE_DA>
</LISTE_DA>
<LISTE_ACTES>
<ACTE>MZQK003</ACTE>
<ACTE>YYYY030</ACTE>
<ACTE>MHMP002</ACTE>
</LISTE_ACTES>
<SORTIE>09/05/2009 15:48</SORTIE>
<MODE_SORTIE>8</MODE_SORTIE>
<DESTINATION></DESTINATION>
<ORIENT></ORIENT>
</PATIENT>
</PASSAGES>
<PASSAGES>
<PATIENT>
<CP>67600</CP>
<COMMUNE>SELESTAT</COMMUNE>
<NAISSANCE>15/08/1983</NAISSANCE>
<SEXE>F</SEXE>
<ENTREE>09/05/2009 12:36</ENTREE>
<MODE_ENTREE>8</MODE_ENTREE>
<PROVENANCE>5</PROVENANCE>
<TRANSPORT>PERSO</TRANSPORT>
<TRANSPORT_PEC>AUCUN</TRANSPORT_PEC>
<MOTIF>DIVERS06</MOTIF>
<HMED></HMED>
<GRAVITE>1</GRAVITE>
<DP>Z027</DP>
<LISTE_DA>
</LISTE_DA>
<LISTE_ACTES>
</LISTE_ACTES>
<SORTIE>09/05/2009 15:05</SORTIE>
<MODE_SORTIE>8</MODE_SORTIE>
<DESTINATION></DESTINATION>
<ORIENT></ORIENT>
</PATIENT>
</PASSAGES>
<PASSAGES>
<PATIENT>
<CP>68160</CP>
<COMMUNE>STE MARIE AUX MINES</COMMUNE>
<NAISSANCE>21/12/1930</NAISSANCE>
<SEXE>F</SEXE>
<ENTREE>09/05/2009 12:43</ENTREE>
<MODE_ENTREE>8</MODE_ENTREE>
<PROVENANCE>5</PROVENANCE>
<TRANSPORT>AMBU</TRANSPORT>
<TRANSPORT_PEC>PARAMED</TRANSPORT_PEC>
<MOTIF>PEDIA08</MOTIF>
<HMED></HMED>
<GRAVITE>2</GRAVITE>
<DP>N10</DP>
<LISTE_DA>
<DA>J159</DA>
</LISTE_DA>
<LISTE_ACTES>
<ACTE>DEQP003</ACTE>
<ACTE>ZBQK002</ACTE>
<ACTE>ZCQK002</ACTE>
<ACTE>YYYY030</ACTE>
</LISTE_ACTES>
<SORTIE>09/05/2009 17:20</SORTIE>
<MODE_SORTIE>6</MODE_SORTIE>
<DESTINATION>1</DESTINATION>
<ORIENT>MED</ORIENT>
</PATIENT>
</PASSAGES>
<PASSAGES>
<PATIENT>
<CP>68160</CP>
<COMMUNE>STE MARIE AUX MINES</COMMUNE>
<NAISSANCE>22/02/1985</NAISSANCE>
<SEXE>F</SEXE>
<ENTREE>09/05/2009 12:51</ENTREE>
<MODE_ENTREE>8</MODE_ENTREE>
<PROVENANCE>5</PROVENANCE>
<TRANSPORT>AMBU</TRANSPORT>
<TRANSPORT_PEC>PARAMED</TRANSPORT_PEC>
<MOTIF>GASTRO04</MOTIF>
<HMED></HMED>
<GRAVITE>2</GRAVITE>
<DP>O000</DP>
<LISTE_DA>
<DA>O219</DA>
</LISTE_DA>
<LISTE_ACTES>
</LISTE_ACTES>
<SORTIE>09/05/2009 17:35</SORTIE>
<MODE_SORTIE>8</MODE_SORTIE>
<DESTINATION></DESTINATION>
<ORIENT></ORIENT>
</PATIENT>
</PASSAGES>
<PASSAGES>
<PATIENT>
<CP>67400</CP>
<COMMUNE>ILLKIRCH GRAFFENSTADEN</COMMUNE>
<NAISSANCE>09/06/1994</NAISSANCE>
<SEXE>M</SEXE>
<ENTREE>09/05/2009 13:04</ENTREE>
<MODE_ENTREE>8</MODE_ENTREE>
<PROVENANCE>5</PROVENANCE>
<TRANSPORT>VSAB</TRANSPORT>
<TRANSPORT_PEC>MED</TRANSPORT_PEC>
<MOTIF>TRAUMATO17</MOTIF>
<HMED></HMED>
<GRAVITE>2</GRAVITE>
<DP>S420</DP>
<LISTE_DA>
</LISTE_DA>
<LISTE_ACTES>
<ACTE>MAQK003</ACTE>
<ACTE>YYYY030</ACTE>
</LISTE_ACTES>
<SORTIE>09/05/2009 17:14</SORTIE>
<MODE_SORTIE>8</MODE_SORTIE>
<DESTINATION></DESTINATION>
<ORIENT></ORIENT>
</PATIENT>
</PASSAGES>
<PASSAGES>
<PATIENT>
<CP>67680</CP>
<COMMUNE>EPFIG</COMMUNE>
<NAISSANCE>18/09/2003</NAISSANCE>
<SEXE>M</SEXE>
<ENTREE>09/05/2009 13:11</ENTREE>
<MODE_ENTREE>8</MODE_ENTREE>
<PROVENANCE>5</PROVENANCE>
<TRANSPORT>PERSO</TRANSPORT>
<TRANSPORT_PEC>AUCUN</TRANSPORT_PEC>
<MOTIF>TRAUMATO09</MOTIF>
<HMED></HMED>
<GRAVITE>1</GRAVITE>
<DP>S010</DP>
<LISTE_DA>
</LISTE_DA>
<LISTE_ACTES>
</LISTE_ACTES>
<SORTIE>09/05/2009 14:04</SORTIE>
<MODE_SORTIE>8</MODE_SORTIE>
<DESTINATION></DESTINATION>
<ORIENT></ORIENT>
</PATIENT>
</PASSAGES>
<PASSAGES>
<PATIENT>
<CP>68160</CP>
<COMMUNE>STE CROIX AUX MINES</COMMUNE>
<NAISSANCE>23/11/1991</NAISSANCE>
<SEXE>M</SEXE>
<ENTREE>09/05/2009 13:16</ENTREE>
<MODE_ENTREE>8</MODE_ENTREE>
<PROVENANCE>5</PROVENANCE>
<TRANSPORT>PERSO</TRANSPORT>
<TRANSPORT_PEC>AUCUN</TRANSPORT_PEC>
<MOTIF>TRAUMATO09</MOTIF>
<HMED></HMED>
<GRAVITE>2</GRAVITE>
<DP>S818</DP>
<LISTE_DA>
</LISTE_DA>
<LISTE_ACTES>
<ACTE>QZJA002</ACTE>
</LISTE_ACTES>
<SORTIE>09/05/2009 15:42</SORTIE>
<MODE_SORTIE>8</MODE_SORTIE>
<DESTINATION></DESTINATION>
<ORIENT></ORIENT>
</PATIENT>
</PASSAGES>
<PASSAGES>
<PATIENT>
<CP>67860</CP>
<COMMUNE>RHINAU</COMMUNE>
<NAISSANCE>09/01/1994</NAISSANCE>
<SEXE>M</SEXE>
<ENTREE>09/05/2009 13:18</ENTREE>
<MODE_ENTREE>8</MODE_ENTREE>
<PROVENANCE>5</PROVENANCE>
<TRANSPORT>VSAB</TRANSPORT>
<TRANSPORT_PEC>MED</TRANSPORT_PEC>
<MOTIF>TRAUMATO17</MOTIF>
<HMED></HMED>
<GRAVITE>2</GRAVITE>
<DP>S5220</DP>
<LISTE_DA>
</LISTE_DA>
<LISTE_ACTES>
<ACTE>MFQK002</ACTE>
<ACTE>MCQK001</ACTE>
<ACTE>YYYY030</ACTE>
<ACTE>MZMP011</ACTE>
<ACTE>MCQK001</ACTE>
</LISTE_ACTES>
<SORTIE>09/05/2009 15:29</SORTIE>
<MODE_SORTIE>8</MODE_SORTIE>
<DESTINATION></DESTINATION>
<ORIENT></ORIENT>
</PATIENT>
</PASSAGES>
<PASSAGES>
<PATIENT>
<CP>67860</CP>
<COMMUNE>RHINAU</COMMUNE>
<NAISSANCE>06/09/2006</NAISSANCE>
<SEXE>F</SEXE>
<ENTREE>09/05/2009 13:21</ENTREE>
<MODE_ENTREE>8</MODE_ENTREE>
<PROVENANCE>5</PROVENANCE>
<TRANSPORT>PERSO</TRANSPORT>
<TRANSPORT_PEC>AUCUN</TRANSPORT_PEC>
<MOTIF>DOULEUR02</MOTIF>
<HMED></HMED>
<GRAVITE>1</GRAVITE>
<DP>T171</DP>
<LISTE_DA>
</LISTE_DA>
<LISTE_ACTES>
</LISTE_ACTES>
<SORTIE>09/05/2009 14:12</SORTIE>
<MODE_SORTIE>8</MODE_SORTIE>
<DESTINATION></DESTINATION>
<ORIENT></ORIENT>
</PATIENT>
</PASSAGES>
<PASSAGES>
<PATIENT>
<CP>67860</CP>
<COMMUNE>BOOFZHEIM</COMMUNE>
<NAISSANCE>01/10/2004</NAISSANCE>
<SEXE>F</SEXE>
<ENTREE>09/05/2009 13:23</ENTREE>
<MODE_ENTREE>8</MODE_ENTREE>
<PROVENANCE>5</PROVENANCE>
<TRANSPORT>PERSO</TRANSPORT>
<TRANSPORT_PEC>AUCUN</TRANSPORT_PEC>
<MOTIF>TRAUMATO09</MOTIF>
<HMED></HMED>
<GRAVITE>1</GRAVITE>
<DP>S012</DP>
<LISTE_DA>
</LISTE_DA>
<LISTE_ACTES>
</LISTE_ACTES>
<SORTIE>09/05/2009 15:32</SORTIE>
<MODE_SORTIE>8</MODE_SORTIE>
<DESTINATION></DESTINATION>
<ORIENT></ORIENT>
</PATIENT>
</PASSAGES>
<PASSAGES>
<PATIENT>
<CP>67600</CP>
<COMMUNE>MUTTERSHOLTZ</COMMUNE>
<NAISSANCE>31/07/1997</NAISSANCE>
<SEXE>M</SEXE>
<ENTREE>09/05/2009 13:27</ENTREE>
<MODE_ENTREE>8</MODE_ENTREE>
<PROVENANCE>5</PROVENANCE>
<TRANSPORT>PERSO</TRANSPORT>
<TRANSPORT_PEC>AUCUN</TRANSPORT_PEC>
<MOTIF>TRAUMATO22</MOTIF>
<HMED></HMED>
<GRAVITE>1</GRAVITE>
<DP>S001</DP>
<LISTE_DA>
</LISTE_DA>
<LISTE_ACTES>
</LISTE_ACTES>
<SORTIE>09/05/2009 15:38</SORTIE>
<MODE_SORTIE>8</MODE_SORTIE>
<DESTINATION></DESTINATION>
<ORIENT></ORIENT>
</PATIENT>
</PASSAGES>
<PASSAGES>
<PATIENT>
<CP>67390</CP>
<COMMUNE>MARCKOLSHEIM</COMMUNE>
<NAISSANCE>11/04/1987</NAISSANCE>
<SEXE>F</SEXE>
<ENTREE>09/05/2009 13:30</ENTREE>
<MODE_ENTREE>8</MODE_ENTREE>
<PROVENANCE>5</PROVENANCE>
<TRANSPORT>PERSO</TRANSPORT>
<TRANSPORT_PEC>AUCUN</TRANSPORT_PEC>
<MOTIF>DOULEUR02</MOTIF>
<HMED></HMED>
<GRAVITE>2</GRAVITE>
<DP>N300</DP>
<LISTE_DA>
</LISTE_DA>
<LISTE_ACTES>
</LISTE_ACTES>
<SORTIE>09/05/2009 16:37</SORTIE>
<MODE_SORTIE>8</MODE_SORTIE>
<DESTINATION></DESTINATION>
<ORIENT></ORIENT>
</PATIENT>
</PASSAGES>
<PASSAGES>
<PATIENT>
<CP>67600</CP>
<COMMUNE>SELESTAT</COMMUNE>
<NAISSANCE>02/03/1965</NAISSANCE>
<SEXE>F</SEXE>
<ENTREE>09/05/2009 13:33</ENTREE>
<MODE_ENTREE>8</MODE_ENTREE>
<PROVENANCE>5</PROVENANCE>
<TRANSPORT>PERSO</TRANSPORT>
<TRANSPORT_PEC>AUCUN</TRANSPORT_PEC>
<MOTIF>CARDIO04</MOTIF>
<HMED></HMED>
<GRAVITE>2</GRAVITE>
<DP>R074</DP>
<LISTE_DA>
</LISTE_DA>
<LISTE_ACTES>
<ACTE>DEQP003</ACTE>
<ACTE>DEQP003</ACTE>
<ACTE>ZBQK002</ACTE>
<ACTE>YYYY030</ACTE>
</LISTE_ACTES>
<SORTIE>09/05/2009 19:34</SORTIE>
<MODE_SORTIE>8</MODE_SORTIE>
<DESTINATION></DESTINATION>
<ORIENT></ORIENT>
</PATIENT>
</PASSAGES>
<PASSAGES>
<PATIENT>
<CP>67230</CP>
<COMMUNE>KERTZFELD</COMMUNE>
<NAISSANCE>24/03/1959</NAISSANCE>
<SEXE>F</SEXE>
<ENTREE>09/05/2009 13:37</ENTREE>
<MODE_ENTREE>8</MODE_ENTREE>
<PROVENANCE>5</PROVENANCE>
<TRANSPORT>AMBU</TRANSPORT>
<TRANSPORT_PEC>PARAMED</TRANSPORT_PEC>
<MOTIF>CARDIO05</MOTIF>
<HMED></HMED>
<GRAVITE>2</GRAVITE>
<DP>G580</DP>
<LISTE_DA>
<DA>M940</DA>
</LISTE_DA>
<LISTE_ACTES>
<ACTE>DEQP003</ACTE>
<ACTE>ZBQK002</ACTE>
<ACTE>YYYY030</ACTE>
<ACTE>DEQP003</ACTE>
<ACTE>DEQP003</ACTE>
</LISTE_ACTES>
<SORTIE>09/05/2009 22:19</SORTIE>
<MODE_SORTIE>8</MODE_SORTIE>
<DESTINATION></DESTINATION>
<ORIENT></ORIENT>
</PATIENT>
</PASSAGES>
<PASSAGES>
<PATIENT>
<CP>67600</CP>
<COMMUNE>SELESTAT</COMMUNE>
<NAISSANCE>27/09/1933</NAISSANCE>
<SEXE>F</SEXE>
<ENTREE>09/05/2009 13:40</ENTREE>
<MODE_ENTREE>8</MODE_ENTREE>
<PROVENANCE>5</PROVENANCE>
<TRANSPORT>AMBU</TRANSPORT>
<TRANSPORT_PEC>PARAMED</TRANSPORT_PEC>
<MOTIF>GASTRO04</MOTIF>
<HMED></HMED>
<GRAVITE>2</GRAVITE>
<DP>R104</DP>
<LISTE_DA>
</LISTE_DA>
<LISTE_ACTES>
<ACTE>DEQP003</ACTE>
<ACTE>ZBQK002</ACTE>
<ACTE>ZCQK002</ACTE>
<ACTE>YYYY030</ACTE>
</LISTE_ACTES>
<SORTIE>09/05/2009 22:05</SORTIE>
<MODE_SORTIE>8</MODE_SORTIE>
<DESTINATION></DESTINATION>
<ORIENT></ORIENT>
</PATIENT>
</PASSAGES>
<PASSAGES>
<PATIENT>
<CP>67600</CP>
<COMMUNE>KINTZHEIM</COMMUNE>
<NAISSANCE>02/06/1939</NAISSANCE>
<SEXE>F</SEXE>
<ENTREE>09/05/2009 13:43</ENTREE>
<MODE_ENTREE>8</MODE_ENTREE>
<PROVENANCE>5</PROVENANCE>
<TRANSPORT>PERSO</TRANSPORT>
<TRANSPORT_PEC>AUCUN</TRANSPORT_PEC>
<MOTIF>GASTRO07</MOTIF>
<HMED></HMED>
<GRAVITE>3</GRAVITE>
<DP>K565</DP>
<LISTE_DA>
<DA>E119</DA>
<DA>K703</DA>
</LISTE_DA>
<LISTE_ACTES>
<ACTE>DEQP003</ACTE>
<ACTE>ZBQK002</ACTE>
<ACTE>ZCQK002</ACTE>
<ACTE>YYYY030</ACTE>
<ACTE>ZCQK004</ACTE>
<ACTE>ZZQP004</ACTE>
</LISTE_ACTES>
<SORTIE>09/05/2009 19:07</SORTIE>
<MODE_SORTIE>6</MODE_SORTIE>
<DESTINATION>1</DESTINATION>
<ORIENT>CHIR</ORIENT>
</PATIENT>
</PASSAGES>
<PASSAGES>
<PATIENT>
<CP>67390</CP>
<COMMUNE>MARCKOLSHEIM</COMMUNE>
<NAISSANCE>16/07/2005</NAISSANCE>
<SEXE>F</SEXE>
<ENTREE>09/05/2009 13:52</ENTREE>
<MODE_ENTREE>8</MODE_ENTREE>
<PROVENANCE>5</PROVENANCE>
<TRANSPORT>PERSO</TRANSPORT>
<TRANSPORT_PEC>AUCUN</TRANSPORT_PEC>
<MOTIF>TRAUMATO20</MOTIF>
<HMED></HMED>
<GRAVITE>1</GRAVITE>
<DP>Z478</DP>
<LISTE_DA>
</LISTE_DA>
<LISTE_ACTES>
</LISTE_ACTES>
<SORTIE>09/05/2009 18:07</SORTIE>
<MODE_SORTIE>8</MODE_SORTIE>
<DESTINATION></DESTINATION>
<ORIENT></ORIENT>
</PATIENT>
</PASSAGES>
<PASSAGES>
<PATIENT>
<CP>67820</CP>
<COMMUNE>WITTISHEIM</COMMUNE>
<NAISSANCE>10/02/1989</NAISSANCE>
<SEXE>M</SEXE>
<ENTREE>09/05/2009 13:55</ENTREE>
<MODE_ENTREE>8</MODE_ENTREE>
<PROVENANCE>5</PROVENANCE>
<TRANSPORT>PERSO</TRANSPORT>
<TRANSPORT_PEC>AUCUN</TRANSPORT_PEC>
<MOTIF>DIVERS19</MOTIF>
<HMED></HMED>
<GRAVITE>1</GRAVITE>
<DP></DP>
<LISTE_DA>
<DA>W578</DA>
</LISTE_DA>
<LISTE_ACTES>
</LISTE_ACTES>
<SORTIE>09/05/2009 16:52</SORTIE>
<MODE_SORTIE>8</MODE_SORTIE>
<DESTINATION></DESTINATION>
<ORIENT></ORIENT>
</PATIENT>
</PASSAGES>
<PASSAGES>
<PATIENT>
<CP>67230</CP>
<COMMUNE>HUTTENHEIM</COMMUNE>
<NAISSANCE>30/10/1997</NAISSANCE>
<SEXE>M</SEXE>
<ENTREE>09/05/2009 13:58</ENTREE>
<MODE_ENTREE>8</MODE_ENTREE>
<PROVENANCE>5</PROVENANCE>
<TRANSPORT>PERSO</TRANSPORT>
<TRANSPORT_PEC>AUCUN</TRANSPORT_PEC>
<MOTIF>TRAUMATO17</MOTIF>
<HMED></HMED>
<GRAVITE>2</GRAVITE>
<DP>S903</DP>
<LISTE_DA>
</LISTE_DA>
<LISTE_ACTES>
<ACTE>NZQK005</ACTE>
<ACTE>YYYY030</ACTE>
</LISTE_ACTES>
<SORTIE>09/05/2009 16:25</SORTIE>
<MODE_SORTIE>8</MODE_SORTIE>
<DESTINATION></DESTINATION>
<ORIENT></ORIENT>
</PATIENT>
</PASSAGES>
<PASSAGES>
<PATIENT>
<CP>67230</CP>
<COMMUNE>OBENHEIM</COMMUNE>
<NAISSANCE>13/05/1975</NAISSANCE>
<SEXE>M</SEXE>
<ENTREE>09/05/2009 14:17</ENTREE>
<MODE_ENTREE>8</MODE_ENTREE>
<PROVENANCE>5</PROVENANCE>
<TRANSPORT>PERSO</TRANSPORT>
<TRANSPORT_PEC>AUCUN</TRANSPORT_PEC>
<MOTIF>TRAUMATO09</MOTIF>
<HMED></HMED>
<GRAVITE>1</GRAVITE>
<DP>S817</DP>
<LISTE_DA>
</LISTE_DA>
<LISTE_ACTES>
<ACTE>QZJA002</ACTE>
</LISTE_ACTES>
<SORTIE>09/05/2009 18:35</SORTIE>
<MODE_SORTIE>8</MODE_SORTIE>
<DESTINATION></DESTINATION>
<ORIENT></ORIENT>
</PATIENT>
</PASSAGES>
<PASSAGES>
<PATIENT>
<CP>67600</CP>
<COMMUNE>EBERSHEIM</COMMUNE>
<NAISSANCE>25/05/1979</NAISSANCE>
<SEXE>F</SEXE>
<ENTREE>09/05/2009 14:42</ENTREE>
<MODE_ENTREE>8</MODE_ENTREE>
<PROVENANCE>5</PROVENANCE>
<TRANSPORT>PERSO</TRANSPORT>
<TRANSPORT_PEC>AUCUN</TRANSPORT_PEC>
<MOTIF>TRAUMATO17</MOTIF>
<HMED></HMED>
<GRAVITE>2</GRAVITE>
<DP>S134</DP>
<LISTE_DA>
</LISTE_DA>
<LISTE_ACTES>
<ACTE>LDQK002</ACTE>
<ACTE>YYYY030</ACTE>
</LISTE_ACTES>
<SORTIE>09/05/2009 17:27</SORTIE>
<MODE_SORTIE>8</MODE_SORTIE>
<DESTINATION></DESTINATION>
<ORIENT></ORIENT>
</PATIENT>
</PASSAGES>
<PASSAGES>
<PATIENT>
<CP>67140</CP>
<COMMUNE>ANDLAU</COMMUNE>
<NAISSANCE>31/08/1967</NAISSANCE>
<SEXE>F</SEXE>
<ENTREE>09/05/2009 14:49</ENTREE>
<MODE_ENTREE>8</MODE_ENTREE>
<PROVENANCE>5</PROVENANCE>
<TRANSPORT>PERSO</TRANSPORT>
<TRANSPORT_PEC>AUCUN</TRANSPORT_PEC>
<MOTIF>GASTRO04</MOTIF>
<HMED></HMED>
<GRAVITE>2</GRAVITE>
<DP>K359</DP>
<LISTE_DA>
</LISTE_DA>
<LISTE_ACTES>
<ACTE>ZCQH001</ACTE>
<ACTE>YYYY467</ACTE>
<ACTE>ZZQP004</ACTE>
</LISTE_ACTES>
<SORTIE>09/05/2009 19:29</SORTIE>
<MODE_SORTIE>6</MODE_SORTIE>
<DESTINATION>1</DESTINATION>
<ORIENT>CHIR</ORIENT>
</PATIENT>
</PASSAGES>
<PASSAGES>
<PATIENT>
<CP>67220</CP>
<COMMUNE>NEUVE EGLISE</COMMUNE>
<NAISSANCE>30/10/1937</NAISSANCE>
<SEXE>M</SEXE>
<ENTREE>09/05/2009 14:54</ENTREE>
<MODE_ENTREE>8</MODE_ENTREE>
<PROVENANCE>5</PROVENANCE>
<TRANSPORT>VSAB</TRANSPORT>
<TRANSPORT_PEC>MED</TRANSPORT_PEC>
<MOTIF>TRAUMATO09</MOTIF>
<HMED></HMED>
<GRAVITE>2</GRAVITE>
<DP>R55</DP>
<LISTE_DA>
<DA>S010</DA>
</LISTE_DA>
<LISTE_ACTES>
</LISTE_ACTES>
<SORTIE>09/05/2009 16:00</SORTIE>
<MODE_SORTIE>8</MODE_SORTIE>
<DESTINATION></DESTINATION>
<ORIENT></ORIENT>
</PATIENT>
</PASSAGES>
<PASSAGES>
<PATIENT>
<CP>67150</CP>
<COMMUNE>ERSTEIN</COMMUNE>
<NAISSANCE>21/01/2007</NAISSANCE>
<SEXE>M</SEXE>
<ENTREE>09/05/2009 15:00</ENTREE>
<MODE_ENTREE>8</MODE_ENTREE>
<PROVENANCE>5</PROVENANCE>
<TRANSPORT>PERSO</TRANSPORT>
<TRANSPORT_PEC>AUCUN</TRANSPORT_PEC>
<MOTIF>PEDIA08</MOTIF>
<HMED></HMED>
<GRAVITE>1</GRAVITE>
<DP>J00</DP>
<LISTE_DA>
</LISTE_DA>
<LISTE_ACTES>
</LISTE_ACTES>
<SORTIE>09/05/2009 17:45</SORTIE>
<MODE_SORTIE>8</MODE_SORTIE>
<DESTINATION></DESTINATION>
<ORIENT></ORIENT>
</PATIENT>
</PASSAGES>
<PASSAGES>
<PATIENT>
<CP>67600</CP>
<COMMUNE>SELESTAT</COMMUNE>
<NAISSANCE>08/10/1925</NAISSANCE>
<SEXE>F</SEXE>
<ENTREE>09/05/2009 15:10</ENTREE>
<MODE_ENTREE>8</MODE_ENTREE>
<PROVENANCE>5</PROVENANCE>
<TRANSPORT>PERSO</TRANSPORT>
<TRANSPORT_PEC>AUCUN</TRANSPORT_PEC>
<MOTIF>METABOLIQUE03</MOTIF>
<HMED></HMED>
<GRAVITE>3</GRAVITE>
<DP>I339</DP>
<LISTE_DA>
<DA>I358</DA>
<DA>N189</DA>
<DA>J458</DA>
</LISTE_DA>
<LISTE_ACTES>
<ACTE>DEQP003</ACTE>
<ACTE>ZBQK002</ACTE>
<ACTE>ZCQK002</ACTE>
<ACTE>YYYY030</ACTE>
</LISTE_ACTES>
<SORTIE>09/05/2009 22:05</SORTIE>
<MODE_SORTIE>6</MODE_SORTIE>
<DESTINATION>1</DESTINATION>
<ORIENT>CHIR</ORIENT>
</PATIENT>
</PASSAGES>
<PASSAGES>
<PATIENT>
<CP>67150</CP>
<COMMUNE>ERSTEIN</COMMUNE>
<NAISSANCE>09/02/1922</NAISSANCE>
<SEXE>F</SEXE>
<ENTREE>09/05/2009 15:46</ENTREE>
<MODE_ENTREE>8</MODE_ENTREE>
<PROVENANCE>5</PROVENANCE>
<TRANSPORT>AMBU</TRANSPORT>
<TRANSPORT_PEC>PARAMED</TRANSPORT_PEC>
<MOTIF>TRAUMATO17</MOTIF>
<HMED></HMED>
<GRAVITE>2</GRAVITE>
<DP>S4220</DP>
<LISTE_DA>
</LISTE_DA>
<LISTE_ACTES>
<ACTE>MAQK003</ACTE>
<ACTE>YYYY030</ACTE>
</LISTE_ACTES>
<SORTIE>09/05/2009 19:38</SORTIE>
<MODE_SORTIE>8</MODE_SORTIE>
<DESTINATION></DESTINATION>
<ORIENT></ORIENT>
</PATIENT>
</PASSAGES>
<PASSAGES>
<PATIENT>
<CP>67390</CP>
<COMMUNE>ARTOLSHEIM</COMMUNE>
<NAISSANCE>28/05/1934</NAISSANCE>
<SEXE>F</SEXE>
<ENTREE>09/05/2009 15:54</ENTREE>
<MODE_ENTREE>8</MODE_ENTREE>
<PROVENANCE>5</PROVENANCE>
<TRANSPORT>AMBU</TRANSPORT>
<TRANSPORT_PEC>PARAMED</TRANSPORT_PEC>
<MOTIF>RHUMATO01</MOTIF>
<HMED></HMED>
<GRAVITE>2</GRAVITE>
<DP>A46</DP>
<LISTE_DA>
</LISTE_DA>
<LISTE_ACTES>
</LISTE_ACTES>
<SORTIE>09/05/2009 21:00</SORTIE>
<MODE_SORTIE>8</MODE_SORTIE>
<DESTINATION></DESTINATION>
<ORIENT></ORIENT>
</PATIENT>
</PASSAGES>
<PASSAGES>
<PATIENT>
<CP>67600</CP>
<COMMUNE>SELESTAT</COMMUNE>
<NAISSANCE>17/10/2000</NAISSANCE>
<SEXE>M</SEXE>
<ENTREE>09/05/2009 15:57</ENTREE>
<MODE_ENTREE>8</MODE_ENTREE>
<PROVENANCE>5</PROVENANCE>
<TRANSPORT>VSAB</TRANSPORT>
<TRANSPORT_PEC>MED</TRANSPORT_PEC>
<MOTIF>TRAUMATO04</MOTIF>
<HMED></HMED>
<GRAVITE>3</GRAVITE>
<DP>S5260</DP>
<LISTE_DA>
</LISTE_DA>
<LISTE_ACTES>
<ACTE>MCQK001</ACTE>
<ACTE>YYYY030</ACTE>
</LISTE_ACTES>
<SORTIE>09/05/2009 18:10</SORTIE>
<MODE_SORTIE>6</MODE_SORTIE>
<DESTINATION>1</DESTINATION>
<ORIENT>CHIR</ORIENT>
</PATIENT>
</PASSAGES>
<PASSAGES>
<PATIENT>
<CP>67820</CP>
<COMMUNE>WITTISHEIM</COMMUNE>
<NAISSANCE>04/07/2008</NAISSANCE>
<SEXE>F</SEXE>
<ENTREE>09/05/2009 16:53</ENTREE>
<MODE_ENTREE>8</MODE_ENTREE>
<PROVENANCE>5</PROVENANCE>
<TRANSPORT>PERSO</TRANSPORT>
<TRANSPORT_PEC>AUCUN</TRANSPORT_PEC>
<MOTIF>PEDIA08</MOTIF>
<HMED></HMED>
<GRAVITE>1</GRAVITE>
<DP>K529</DP>
<LISTE_DA>
</LISTE_DA>
<LISTE_ACTES>
</LISTE_ACTES>
<SORTIE>09/05/2009 20:25</SORTIE>
<MODE_SORTIE>8</MODE_SORTIE>
<DESTINATION></DESTINATION>
<ORIENT></ORIENT>
</PATIENT>
</PASSAGES>
<PASSAGES>
<PATIENT>
<CP>67390</CP>
<COMMUNE>RICHTOLSHEIM</COMMUNE>
<NAISSANCE>28/12/1963</NAISSANCE>
<SEXE>F</SEXE>
<ENTREE>09/05/2009 17:09</ENTREE>
<MODE_ENTREE>8</MODE_ENTREE>
<PROVENANCE>5</PROVENANCE>
<TRANSPORT>PERSO</TRANSPORT>
<TRANSPORT_PEC>AUCUN</TRANSPORT_PEC>
<MOTIF>TRAUMATO17</MOTIF>
<HMED></HMED>
<GRAVITE>1</GRAVITE>
<DP>S861</DP>
<LISTE_DA>
</LISTE_DA>
<LISTE_ACTES>
</LISTE_ACTES>
<SORTIE>09/05/2009 20:18</SORTIE>
<MODE_SORTIE>8</MODE_SORTIE>
<DESTINATION></DESTINATION>
<ORIENT></ORIENT>
</PATIENT>
</PASSAGES>
<PASSAGES>
<PATIENT>
<CP>67230</CP>
<COMMUNE>DIEBOLSHEIM</COMMUNE>
<NAISSANCE>13/06/1997</NAISSANCE>
<SEXE>M</SEXE>
<ENTREE>09/05/2009 17:11</ENTREE>
<MODE_ENTREE>8</MODE_ENTREE>
<PROVENANCE>5</PROVENANCE>
<TRANSPORT>PERSO</TRANSPORT>
<TRANSPORT_PEC>AUCUN</TRANSPORT_PEC>
<MOTIF>TRAUMATO17</MOTIF>
<HMED></HMED>
<GRAVITE>2</GRAVITE>
<DP>S800</DP>
<LISTE_DA>
</LISTE_DA>
<LISTE_ACTES>
<ACTE>NFQK003</ACTE>
<ACTE>YYYY030</ACTE>
</LISTE_ACTES>
<SORTIE>09/05/2009 19:03</SORTIE>
<MODE_SORTIE>8</MODE_SORTIE>
<DESTINATION></DESTINATION>
<ORIENT></ORIENT>
</PATIENT>
</PASSAGES>
<PASSAGES>
<PATIENT>
<CP>67000</CP>
<COMMUNE>STRASBOURG</COMMUNE>
<NAISSANCE>28/04/1975</NAISSANCE>
<SEXE>F</SEXE>
<ENTREE>09/05/2009 17:13</ENTREE>
<MODE_ENTREE>8</MODE_ENTREE>
<PROVENANCE>5</PROVENANCE>
<TRANSPORT>PERSO</TRANSPORT>
<TRANSPORT_PEC>AUCUN</TRANSPORT_PEC>
<MOTIF>DIVERS17</MOTIF>
<HMED></HMED>
<GRAVITE>2</GRAVITE>
<DP>I847</DP>
<LISTE_DA>
</LISTE_DA>
<LISTE_ACTES>
</LISTE_ACTES>
<SORTIE>09/05/2009 21:34</SORTIE>
<MODE_SORTIE>8</MODE_SORTIE>
<DESTINATION></DESTINATION>
<ORIENT></ORIENT>
</PATIENT>
</PASSAGES>
<PASSAGES>
<PATIENT>
<CP>67230</CP>
<COMMUNE>ROSSFELD</COMMUNE>
<NAISSANCE>16/01/1957</NAISSANCE>
<SEXE>M</SEXE>
<ENTREE>09/05/2009 17:24</ENTREE>
<MODE_ENTREE>8</MODE_ENTREE>
<PROVENANCE>5</PROVENANCE>
<TRANSPORT>PERSO</TRANSPORT>
<TRANSPORT_PEC>AUCUN</TRANSPORT_PEC>
<MOTIF>TRAUMATO02</MOTIF>
<HMED></HMED>
<GRAVITE>2</GRAVITE>
<DP>S202</DP>
<LISTE_DA>
</LISTE_DA>
<LISTE_ACTES>
<ACTE>LJQK002</ACTE>
<ACTE>YYYY030</ACTE>
</LISTE_ACTES>
<SORTIE>09/05/2009 21:21</SORTIE>
<MODE_SORTIE>8</MODE_SORTIE>
<DESTINATION></DESTINATION>
<ORIENT></ORIENT>
</PATIENT>
</PASSAGES>
<PASSAGES>
<PATIENT>
<CP>68160</CP>
<COMMUNE>STE MARIE AUX MINES</COMMUNE>
<NAISSANCE>24/10/1963</NAISSANCE>
<SEXE>F</SEXE>
<ENTREE>09/05/2009 17:33</ENTREE>
<MODE_ENTREE>7</MODE_ENTREE>
<PROVENANCE>1</PROVENANCE>
<TRANSPORT>AMBU</TRANSPORT>
<TRANSPORT_PEC>PARAMED</TRANSPORT_PEC>
<MOTIF>GASTRO04</MOTIF>
<HMED></HMED>
<GRAVITE>3</GRAVITE>
<DP>A09</DP>
<LISTE_DA>
<DA>F29</DA>
</LISTE_DA>
<LISTE_ACTES>
<ACTE>DEQP003</ACTE>
<ACTE>ZBQK002</ACTE>
<ACTE>ZCQK002</ACTE>
<ACTE>YYYY030</ACTE>
</LISTE_ACTES>
<SORTIE>09/05/2009 23:57</SORTIE>
<MODE_SORTIE>6</MODE_SORTIE>
<DESTINATION>1</DESTINATION>
<ORIENT>UHCD</ORIENT>
</PATIENT>
</PASSAGES>
<PASSAGES>
<PATIENT>
<CP>68160</CP>
<COMMUNE>STE CROIX AUX MINES</COMMUNE>
<NAISSANCE>18/03/2003</NAISSANCE>
<SEXE>F</SEXE>
<ENTREE>09/05/2009 17:59</ENTREE>
<MODE_ENTREE>8</MODE_ENTREE>
<PROVENANCE>5</PROVENANCE>
<TRANSPORT>PERSO</TRANSPORT>
<TRANSPORT_PEC>AUCUN</TRANSPORT_PEC>
<MOTIF>TRAUMATO17</MOTIF>
<HMED></HMED>
<GRAVITE>2</GRAVITE>
<DP>S5250</DP>
<LISTE_DA>
</LISTE_DA>
<LISTE_ACTES>
<ACTE>MGQK003</ACTE>
<ACTE>YYYY030</ACTE>
<ACTE>MZMP006</ACTE>
</LISTE_ACTES>
<SORTIE>09/05/2009 21:34</SORTIE>
<MODE_SORTIE>8</MODE_SORTIE>
<DESTINATION></DESTINATION>
<ORIENT></ORIENT>
</PATIENT>
</PASSAGES>
<PASSAGES>
<PATIENT>
<CP>68160</CP>
<COMMUNE>STE MARIE AUX MINES</COMMUNE>
<NAISSANCE>23/09/1995</NAISSANCE>
<SEXE>F</SEXE>
<ENTREE>09/05/2009 18:21</ENTREE>
<MODE_ENTREE>7</MODE_ENTREE>
<PROVENANCE>1</PROVENANCE>
<TRANSPORT>VSAB</TRANSPORT>
<TRANSPORT_PEC>MED</TRANSPORT_PEC>
<MOTIF></MOTIF>
<HMED></HMED>
<GRAVITE>3</GRAVITE>
<DP>G403</DP>
<LISTE_DA>
<DA>G934</DA>
<DA>Q02</DA>
</LISTE_DA>
<LISTE_ACTES>
<ACTE>ZBQK002</ACTE>
<ACTE>YYYY030</ACTE>
</LISTE_ACTES>
<SORTIE>09/05/2009 19:18</SORTIE>
<MODE_SORTIE>6</MODE_SORTIE>
<DESTINATION>1</DESTINATION>
<ORIENT>MED</ORIENT>
</PATIENT>
</PASSAGES>
<PASSAGES>
<PATIENT>
<CP>67600</CP>
<COMMUNE>MUTTERSHOLTZ</COMMUNE>
<NAISSANCE>08/06/1952</NAISSANCE>
<SEXE>M</SEXE>
<ENTREE>09/05/2009 18:30</ENTREE>
<MODE_ENTREE>8</MODE_ENTREE>
<PROVENANCE>5</PROVENANCE>
<TRANSPORT>PERSO</TRANSPORT>
<TRANSPORT_PEC>AUCUN</TRANSPORT_PEC>
<MOTIF>TRAUMATO09</MOTIF>
<HMED></HMED>
<GRAVITE>2</GRAVITE>
<DP>S010</DP>
<LISTE_DA>
<DA>S060</DA>
</LISTE_DA>
<LISTE_ACTES>
<ACTE>QZJA015</ACTE>
</LISTE_ACTES>
<SORTIE>09/05/2009 22:40</SORTIE>
<MODE_SORTIE>8</MODE_SORTIE>
<DESTINATION></DESTINATION>
<ORIENT></ORIENT>
</PATIENT>
</PASSAGES>
<PASSAGES>
<PATIENT>
<CP>67390</CP>
<COMMUNE>SAASENHEIM</COMMUNE>
<NAISSANCE>08/01/1933</NAISSANCE>
<SEXE>M</SEXE>
<ENTREE>09/05/2009 18:33</ENTREE>
<MODE_ENTREE>8</MODE_ENTREE>
<PROVENANCE>5</PROVENANCE>
<TRANSPORT>PERSO</TRANSPORT>
<TRANSPORT_PEC>AUCUN</TRANSPORT_PEC>
<MOTIF>TRAUMATO10</MOTIF>
<HMED></HMED>
<GRAVITE>1</GRAVITE>
<DP></DP>
<LISTE_DA>
<DA>W550</DA>
</LISTE_DA>
<LISTE_ACTES>
</LISTE_ACTES>
<SORTIE>09/05/2009 21:46</SORTIE>
<MODE_SORTIE>8</MODE_SORTIE>
<DESTINATION></DESTINATION>
<ORIENT></ORIENT>
</PATIENT>
</PASSAGES>
<PASSAGES>
<PATIENT>
<CP>67220</CP>
<COMMUNE>URBEIS</COMMUNE>
<NAISSANCE>28/01/1919</NAISSANCE>
<SEXE>F</SEXE>
<ENTREE>09/05/2009 18:40</ENTREE>
<MODE_ENTREE>8</MODE_ENTREE>
<PROVENANCE>5</PROVENANCE>
<TRANSPORT>AMBU</TRANSPORT>
<TRANSPORT_PEC>PARAMED</TRANSPORT_PEC>
<MOTIF>DIVERS02</MOTIF>
<HMED></HMED>
<GRAVITE></GRAVITE>
<DP></DP>
<LISTE_DA>
</LISTE_DA>
<LISTE_ACTES>
<ACTE>DEQP003</ACTE>
<ACTE>LEQK001</ACTE>
<ACTE>ZBQK002</ACTE>
<ACTE>YYYY030</ACTE>
</LISTE_ACTES>
<SORTIE></SORTIE>
<MODE_SORTIE>8</MODE_SORTIE>
<DESTINATION></DESTINATION>
<ORIENT></ORIENT>
</PATIENT>
</PASSAGES>
<PASSAGES>
<PATIENT>
<CP>67600</CP>
<COMMUNE>HILSENHEIM</COMMUNE>
<NAISSANCE>25/07/2006</NAISSANCE>
<SEXE>M</SEXE>
<ENTREE>09/05/2009 18:44</ENTREE>
<MODE_ENTREE>8</MODE_ENTREE>
<PROVENANCE>5</PROVENANCE>
<TRANSPORT>PERSO</TRANSPORT>
<TRANSPORT_PEC>AUCUN</TRANSPORT_PEC>
<MOTIF>TRAUMATO09</MOTIF>
<HMED></HMED>
<GRAVITE>2</GRAVITE>
<DP>S010</DP>
<LISTE_DA>
</LISTE_DA>
<LISTE_ACTES>
<ACTE>QZJA002</ACTE>
</LISTE_ACTES>
<SORTIE>09/05/2009 21:41</SORTIE>
<MODE_SORTIE>8</MODE_SORTIE>
<DESTINATION></DESTINATION>
<ORIENT></ORIENT>
</PATIENT>
</PASSAGES>
<PASSAGES>
<PATIENT>
<CP>67390</CP>
<COMMUNE>BOOTZHEIM</COMMUNE>
<NAISSANCE>12/08/1996</NAISSANCE>
<SEXE>M</SEXE>
<ENTREE>09/05/2009 19:00</ENTREE>
<MODE_ENTREE>8</MODE_ENTREE>
<PROVENANCE>5</PROVENANCE>
<TRANSPORT>VSAB</TRANSPORT>
<TRANSPORT_PEC>MED</TRANSPORT_PEC>
<MOTIF>TRAUMATO17</MOTIF>
<HMED></HMED>
<GRAVITE>1</GRAVITE>
<DP>S700</DP>
<LISTE_DA>
</LISTE_DA>
<LISTE_ACTES>
</LISTE_ACTES>
<SORTIE>09/05/2009 20:33</SORTIE>
<MODE_SORTIE>8</MODE_SORTIE>
<DESTINATION></DESTINATION>
<ORIENT></ORIENT>
</PATIENT>
</PASSAGES>
<PASSAGES>
<PATIENT>
<CP>67000</CP>
<COMMUNE>STRASBOURG</COMMUNE>
<NAISSANCE>07/12/1993</NAISSANCE>
<SEXE>F</SEXE>
<ENTREE>09/05/2009 19:07</ENTREE>
<MODE_ENTREE>8</MODE_ENTREE>
<PROVENANCE>5</PROVENANCE>
<TRANSPORT>VSAB</TRANSPORT>
<TRANSPORT_PEC>MED</TRANSPORT_PEC>
<MOTIF>TRAUMATO17</MOTIF>
<HMED></HMED>
<GRAVITE>2</GRAVITE>
<DP>S934</DP>
<LISTE_DA>
</LISTE_DA>
<LISTE_ACTES>
<ACTE>NGQK001</ACTE>
<ACTE>YYYY030</ACTE>
</LISTE_ACTES>
<SORTIE>09/05/2009 20:52</SORTIE>
<MODE_SORTIE>8</MODE_SORTIE>
<DESTINATION></DESTINATION>
<ORIENT></ORIENT>
</PATIENT>
</PASSAGES>
<PASSAGES>
<PATIENT>
<CP>68150</CP>
<COMMUNE>OSTHEIM</COMMUNE>
<NAISSANCE>05/05/1993</NAISSANCE>
<SEXE>M</SEXE>
<ENTREE>09/05/2009 19:21</ENTREE>
<MODE_ENTREE>8</MODE_ENTREE>
<PROVENANCE>5</PROVENANCE>
<TRANSPORT>PERSO</TRANSPORT>
<TRANSPORT_PEC>AUCUN</TRANSPORT_PEC>
<MOTIF>TRAUMATO17</MOTIF>
<HMED></HMED>
<GRAVITE>2</GRAVITE>
<DP>S903</DP>
<LISTE_DA>
</LISTE_DA>
<LISTE_ACTES>
<ACTE>NZQK005</ACTE>
<ACTE>YYYY030</ACTE>
</LISTE_ACTES>
<SORTIE>09/05/2009 22:20</SORTIE>
<MODE_SORTIE>8</MODE_SORTIE>
<DESTINATION></DESTINATION>
<ORIENT></ORIENT>
</PATIENT>
</PASSAGES>
<PASSAGES>
<PATIENT>
<CP>25700</CP>
<COMMUNE>MATHAY</COMMUNE>
<NAISSANCE>31/01/2007</NAISSANCE>
<SEXE>M</SEXE>
<ENTREE>09/05/2009 19:31</ENTREE>
<MODE_ENTREE>8</MODE_ENTREE>
<PROVENANCE>5</PROVENANCE>
<TRANSPORT>PERSO</TRANSPORT>
<TRANSPORT_PEC>AUCUN</TRANSPORT_PEC>
<MOTIF>TRAUMATO14</MOTIF>
<HMED></HMED>
<GRAVITE>1</GRAVITE>
<DP>S0600</DP>
<LISTE_DA>
</LISTE_DA>
<LISTE_ACTES>
</LISTE_ACTES>
<SORTIE>09/05/2009 20:36</SORTIE>
<MODE_SORTIE>8</MODE_SORTIE>
<DESTINATION></DESTINATION>
<ORIENT></ORIENT>
</PATIENT>
</PASSAGES>
<PASSAGES>
<PATIENT>
<CP>67390</CP>
<COMMUNE>BOOTZHEIM</COMMUNE>
<NAISSANCE>17/08/2008</NAISSANCE>
<SEXE>M</SEXE>
<ENTREE>09/05/2009 19:41</ENTREE>
<MODE_ENTREE>8</MODE_ENTREE>
<PROVENANCE>5</PROVENANCE>
<TRANSPORT>AMBU</TRANSPORT>
<TRANSPORT_PEC>PARAMED</TRANSPORT_PEC>
<MOTIF>TRAUMATO14</MOTIF>
<HMED></HMED>
<GRAVITE>1</GRAVITE>
<DP>S008</DP>
<LISTE_DA>
</LISTE_DA>
<LISTE_ACTES>
</LISTE_ACTES>
<SORTIE>09/05/2009 20:00</SORTIE>
<MODE_SORTIE>8</MODE_SORTIE>
<DESTINATION></DESTINATION>
<ORIENT></ORIENT>
</PATIENT>
</PASSAGES>
<PASSAGES>
<PATIENT>
<CP>67600</CP>
<COMMUNE>MUSSIG</COMMUNE>
<NAISSANCE>05/05/1936</NAISSANCE>
<SEXE>M</SEXE>
<ENTREE>09/05/2009 19:58</ENTREE>
<MODE_ENTREE>7</MODE_ENTREE>
<PROVENANCE>1</PROVENANCE>
<TRANSPORT>AMBU</TRANSPORT>
<TRANSPORT_PEC>PARAMED</TRANSPORT_PEC>
<MOTIF>DIVERS02</MOTIF>
<HMED></HMED>
<GRAVITE>2</GRAVITE>
<DP>J180</DP>
<LISTE_DA>
</LISTE_DA>
<LISTE_ACTES>
<ACTE>ZBQK002</ACTE>
<ACTE>YYYY030</ACTE>
<ACTE>DEQP003</ACTE>
<ACTE>GLHF001</ACTE>
<ACTE>GLLD017</ACTE>
</LISTE_ACTES>
<SORTIE>09/05/2009 22:54</SORTIE>
<MODE_SORTIE>6</MODE_SORTIE>
<DESTINATION>1</DESTINATION>
<ORIENT>MED</ORIENT>
</PATIENT>
</PASSAGES>
<PASSAGES>
<PATIENT>
<CP>67600</CP>
<COMMUNE>SELESTAT</COMMUNE>
<NAISSANCE>20/01/1981</NAISSANCE>
<SEXE>M</SEXE>
<ENTREE>09/05/2009 20:00</ENTREE>
<MODE_ENTREE>8</MODE_ENTREE>
<PROVENANCE>5</PROVENANCE>
<TRANSPORT>PERSO</TRANSPORT>
<TRANSPORT_PEC>AUCUN</TRANSPORT_PEC>
<MOTIF>TRAUMATO17</MOTIF>
<HMED></HMED>
<GRAVITE>2</GRAVITE>
<DP>S934</DP>
<LISTE_DA>
</LISTE_DA>
<LISTE_ACTES>
<ACTE>NGQK001</ACTE>
<ACTE>YYYY030</ACTE>
</LISTE_ACTES>
<SORTIE>09/05/2009 22:25</SORTIE>
<MODE_SORTIE>8</MODE_SORTIE>
<DESTINATION></DESTINATION>
<ORIENT></ORIENT>
</PATIENT>
</PASSAGES>
<PASSAGES>
<PATIENT>
<CP>67150</CP>
<COMMUNE>BOLSENHEIM</COMMUNE>
<NAISSANCE>18/05/2000</NAISSANCE>
<SEXE>F</SEXE>
<ENTREE>09/05/2009 20:09</ENTREE>
<MODE_ENTREE>8</MODE_ENTREE>
<PROVENANCE>5</PROVENANCE>
<TRANSPORT>PERSO</TRANSPORT>
<TRANSPORT_PEC>AUCUN</TRANSPORT_PEC>
<MOTIF>TRAUMATO09</MOTIF>
<HMED></HMED>
<GRAVITE>2</GRAVITE>
<DP>S913</DP>
<LISTE_DA>
</LISTE_DA>
<LISTE_ACTES>
<ACTE>QZJA016</ACTE>
</LISTE_ACTES>
<SORTIE>09/05/2009 23:19</SORTIE>
<MODE_SORTIE>8</MODE_SORTIE>
<DESTINATION></DESTINATION>
<ORIENT></ORIENT>
</PATIENT>
</PASSAGES>
<PASSAGES>
<PATIENT>
<CP>68160</CP>
<COMMUNE>STE MARIE AUX MINES</COMMUNE>
<NAISSANCE>24/05/1981</NAISSANCE>
<SEXE>F</SEXE>
<ENTREE>09/05/2009 20:12</ENTREE>
<MODE_ENTREE>8</MODE_ENTREE>
<PROVENANCE>5</PROVENANCE>
<TRANSPORT>PERSO</TRANSPORT>
<TRANSPORT_PEC>AUCUN</TRANSPORT_PEC>
<MOTIF>TRAUMATO10</MOTIF>
<HMED></HMED>
<GRAVITE>1</GRAVITE>
<DP>S913</DP>
<LISTE_DA>
</LISTE_DA>
<LISTE_ACTES>
</LISTE_ACTES>
<SORTIE>09/05/2009 22:59</SORTIE>
<MODE_SORTIE>8</MODE_SORTIE>
<DESTINATION></DESTINATION>
<ORIENT></ORIENT>
</PATIENT>
</PASSAGES>
<PASSAGES>
<PATIENT>
<CP>67600</CP>
<COMMUNE>SELESTAT</COMMUNE>
<NAISSANCE>09/08/1993</NAISSANCE>
<SEXE>F</SEXE>
<ENTREE>09/05/2009 20:24</ENTREE>
<MODE_ENTREE>8</MODE_ENTREE>
<PROVENANCE>5</PROVENANCE>
<TRANSPORT>PERSO</TRANSPORT>
<TRANSPORT_PEC>AUCUN</TRANSPORT_PEC>
<MOTIF>DOULEUR02</MOTIF>
<HMED></HMED>
<GRAVITE>1</GRAVITE>
<DP>N838</DP>
<LISTE_DA>
</LISTE_DA>
<LISTE_ACTES>
</LISTE_ACTES>
<SORTIE>09/05/2009 23:19</SORTIE>
<MODE_SORTIE>8</MODE_SORTIE>
<DESTINATION></DESTINATION>
<ORIENT></ORIENT>
</PATIENT>
</PASSAGES>
<PASSAGES>
<PATIENT>
<CP>67650</CP>
<COMMUNE>DIEFFENTHAL</COMMUNE>
<NAISSANCE>21/01/1944</NAISSANCE>
<SEXE>F</SEXE>
<ENTREE>09/05/2009 20:27</ENTREE>
<MODE_ENTREE>8</MODE_ENTREE>
<PROVENANCE>5</PROVENANCE>
<TRANSPORT>PERSO</TRANSPORT>
<TRANSPORT_PEC>AUCUN</TRANSPORT_PEC>
<MOTIF>CARDIO04</MOTIF>
<HMED></HMED>
<GRAVITE>2</GRAVITE>
<DP>K210</DP>
<LISTE_DA>
<DA>G580</DA>
</LISTE_DA>
<LISTE_ACTES>
<ACTE>DEQP003</ACTE>
<ACTE>ZBQK002</ACTE>
<ACTE>YYYY030</ACTE>
<ACTE>DEQP003</ACTE>
</LISTE_ACTES>
<SORTIE>09/05/2009 23:24</SORTIE>
<MODE_SORTIE>8</MODE_SORTIE>
<DESTINATION></DESTINATION>
<ORIENT></ORIENT>
</PATIENT>
</PASSAGES>
<PASSAGES>
<PATIENT>
<CP>67150</CP>
<COMMUNE>ERSTEIN</COMMUNE>
<NAISSANCE>17/11/1920</NAISSANCE>
<SEXE>M</SEXE>
<ENTREE>09/05/2009 20:43</ENTREE>
<MODE_ENTREE>8</MODE_ENTREE>
<PROVENANCE>5</PROVENANCE>
<TRANSPORT>AMBU</TRANSPORT>
<TRANSPORT_PEC>PARAMED</TRANSPORT_PEC>
<MOTIF>URO02</MOTIF>
<HMED></HMED>
<GRAVITE>3</GRAVITE>
<DP>N029</DP>
<LISTE_DA>
<DA>I693</DA>
<DA>I119</DA>
<DA>Z931</DA>
<DA>T830</DA>
<DA>I499</DA>
<DA>K573</DA>
<DA>C900</DA>
<DA>R71</DA>
<DA>R748</DA>
<DA>R700</DA>
</LISTE_DA>
<LISTE_ACTES>
<ACTE>ZBQK002</ACTE>
<ACTE>YYYY030</ACTE>
</LISTE_ACTES>
<SORTIE>10/05/2009 00:02</SORTIE>
<MODE_SORTIE>6</MODE_SORTIE>
<DESTINATION>1</DESTINATION>
<ORIENT>MED</ORIENT>
</PATIENT>
</PASSAGES>
<PASSAGES>
<PATIENT>
<CP>68970</CP>
<COMMUNE>GUEMAR</COMMUNE>
<NAISSANCE>04/05/1997</NAISSANCE>
<SEXE>F</SEXE>
<ENTREE>09/05/2009 20:49</ENTREE>
<MODE_ENTREE>8</MODE_ENTREE>
<PROVENANCE>5</PROVENANCE>
<TRANSPORT>PERSO</TRANSPORT>
<TRANSPORT_PEC>AUCUN</TRANSPORT_PEC>
<MOTIF>TRAUMATO17</MOTIF>
<HMED></HMED>
<GRAVITE>2</GRAVITE>
<DP>S934</DP>
<LISTE_DA>
</LISTE_DA>
<LISTE_ACTES>
<ACTE>NGQK001</ACTE>
<ACTE>YYYY030</ACTE>
</LISTE_ACTES>
<SORTIE>09/05/2009 23:10</SORTIE>
<MODE_SORTIE>8</MODE_SORTIE>
<DESTINATION></DESTINATION>
<ORIENT></ORIENT>
</PATIENT>
</PASSAGES>
<PASSAGES>
<PATIENT>
<CP>67150</CP>
<COMMUNE>GERSTHEIM</COMMUNE>
<NAISSANCE>02/02/1978</NAISSANCE>
<SEXE>F</SEXE>
<ENTREE>09/05/2009 21:05</ENTREE>
<MODE_ENTREE>8</MODE_ENTREE>
<PROVENANCE>5</PROVENANCE>
<TRANSPORT>PERSO</TRANSPORT>
<TRANSPORT_PEC>AUCUN</TRANSPORT_PEC>
<MOTIF>GASTRO04</MOTIF>
<HMED></HMED>
<GRAVITE>2</GRAVITE>
<DP>R104</DP>
<LISTE_DA>
</LISTE_DA>
<LISTE_ACTES>
<ACTE>ZCQK002</ACTE>
<ACTE>YYYY030</ACTE>
</LISTE_ACTES>
<SORTIE>10/05/2009 00:30</SORTIE>
<MODE_SORTIE>8</MODE_SORTIE>
<DESTINATION></DESTINATION>
<ORIENT></ORIENT>
</PATIENT>
</PASSAGES>
<PASSAGES>
<PATIENT>
<CP>67120</CP>
<COMMUNE>MOLSHEIM</COMMUNE>
<NAISSANCE>24/09/1984</NAISSANCE>
<SEXE>F</SEXE>
<ENTREE>09/05/2009 21:33</ENTREE>
<MODE_ENTREE>8</MODE_ENTREE>
<PROVENANCE>5</PROVENANCE>
<TRANSPORT>PERSO</TRANSPORT>
<TRANSPORT_PEC>AUCUN</TRANSPORT_PEC>
<MOTIF>TRAUMATO17</MOTIF>
<HMED></HMED>
<GRAVITE>1</GRAVITE>
<DP>S701</DP>
<LISTE_DA>
</LISTE_DA>
<LISTE_ACTES>
</LISTE_ACTES>
<SORTIE>09/05/2009 21:59</SORTIE>
<MODE_SORTIE>8</MODE_SORTIE>
<DESTINATION></DESTINATION>
<ORIENT></ORIENT>
</PATIENT>
</PASSAGES>
<PASSAGES>
<PATIENT>
<CP>67600</CP>
<COMMUNE>SELESTAT</COMMUNE>
<NAISSANCE>01/01/1956</NAISSANCE>
<SEXE>F</SEXE>
<ENTREE>09/05/2009 21:37</ENTREE>
<MODE_ENTREE>8</MODE_ENTREE>
<PROVENANCE>5</PROVENANCE>
<TRANSPORT>PERSO</TRANSPORT>
<TRANSPORT_PEC>AUCUN</TRANSPORT_PEC>
<MOTIF>GASTRO07</MOTIF>
<HMED></HMED>
<GRAVITE>2</GRAVITE>
<DP>K590</DP>
<LISTE_DA>
</LISTE_DA>
<LISTE_ACTES>
<ACTE>ZCQK002</ACTE>
<ACTE>YYYY030</ACTE>
</LISTE_ACTES>
<SORTIE>09/05/2009 23:28</SORTIE>
<MODE_SORTIE>8</MODE_SORTIE>
<DESTINATION></DESTINATION>
<ORIENT></ORIENT>
</PATIENT>
</PASSAGES>
<PASSAGES>
<PATIENT>
<CP>67600</CP>
<COMMUNE>EBERSHEIM</COMMUNE>
<NAISSANCE>04/11/2002</NAISSANCE>
<SEXE>M</SEXE>
<ENTREE>09/05/2009 22:01</ENTREE>
<MODE_ENTREE>8</MODE_ENTREE>
<PROVENANCE>5</PROVENANCE>
<TRANSPORT>PERSO</TRANSPORT>
<TRANSPORT_PEC>AUCUN</TRANSPORT_PEC>
<MOTIF></MOTIF>
<HMED></HMED>
<GRAVITE>1</GRAVITE>
<DP>B019</DP>
<LISTE_DA>
</LISTE_DA>
<LISTE_ACTES>
</LISTE_ACTES>
<SORTIE>09/05/2009 22:27</SORTIE>
<MODE_SORTIE>8</MODE_SORTIE>
<DESTINATION></DESTINATION>
<ORIENT></ORIENT>
</PATIENT>
</PASSAGES>
<PASSAGES>
<PATIENT>
<CP>67530</CP>
<COMMUNE>KLINGENTHAL</COMMUNE>
<NAISSANCE>21/06/1971</NAISSANCE>
<SEXE>M</SEXE>
<ENTREE>09/05/2009 22:44</ENTREE>
<MODE_ENTREE>8</MODE_ENTREE>
<PROVENANCE>5</PROVENANCE>
<TRANSPORT>PERSO</TRANSPORT>
<TRANSPORT_PEC>AUCUN</TRANSPORT_PEC>
<MOTIF></MOTIF>
<HMED></HMED>
<GRAVITE>2</GRAVITE>
<DP>S800</DP>
<LISTE_DA>
</LISTE_DA>
<LISTE_ACTES>
<ACTE>NFQK003</ACTE>
<ACTE>YYYY030</ACTE>
</LISTE_ACTES>
<SORTIE>09/05/2009 23:40</SORTIE>
<MODE_SORTIE>8</MODE_SORTIE>
<DESTINATION></DESTINATION>
<ORIENT></ORIENT>
</PATIENT>
</PASSAGES>
<PASSAGES>
<PATIENT>
<CP>67220</CP>
<COMMUNE>STEIGE</COMMUNE>
<NAISSANCE>18/07/1941</NAISSANCE>
<SEXE>M</SEXE>
<ENTREE>10/05/2009 00:20</ENTREE>
<MODE_ENTREE>8</MODE_ENTREE>
<PROVENANCE>5</PROVENANCE>
<TRANSPORT>PERSO</TRANSPORT>
<TRANSPORT_PEC>AUCUN</TRANSPORT_PEC>
<MOTIF></MOTIF>
<HMED></HMED>
<GRAVITE></GRAVITE>
<DP></DP>
<LISTE_DA>
</LISTE_DA>
<LISTE_ACTES>
</LISTE_ACTES>
<SORTIE></SORTIE>
<MODE_SORTIE>8</MODE_SORTIE>
<DESTINATION></DESTINATION>
<ORIENT></ORIENT>
</PATIENT>
</PASSAGES>
<PASSAGES>
<PATIENT>
<CP>67530</CP>
<COMMUNE>BOERSCH</COMMUNE>
<NAISSANCE>28/12/1988</NAISSANCE>
<SEXE>M</SEXE>
<ENTREE>10/05/2009 00:39</ENTREE>
<MODE_ENTREE>8</MODE_ENTREE>
<PROVENANCE>5</PROVENANCE>
<TRANSPORT>PERSO</TRANSPORT>
<TRANSPORT_PEC>AUCUN</TRANSPORT_PEC>
<MOTIF></MOTIF>
<HMED></HMED>
<GRAVITE></GRAVITE>
<DP></DP>
<LISTE_DA>
</LISTE_DA>
<LISTE_ACTES>
</LISTE_ACTES>
<SORTIE></SORTIE>
<MODE_SORTIE>8</MODE_SORTIE>
<DESTINATION></DESTINATION>
<ORIENT></ORIENT>
</PATIENT>
</PASSAGES>
</OSCOUR>
